Sexo;Edad;Funciones;Periodo;Total
Hombres;0 años;Tasa de mortalidad;2023;2,743662
Hombres;0 años;Promedio de años vividos el último año de vida;2023;0,124302
Hombres;0 años;Riesgo de muerte;2023;2,737086
Hombres;0 años;Supervivientes;2023;100.000,000000
Hombres;0 años;Defunciones teóricas;2023;273,708608
Hombres;0 años;Población estacionaria;2023;99.760,314024
Hombres;0 años;Tiempo por vivir;2023;8.111.200,776700
Hombres;0 años;Esperanza de vida;2023;81,112008
Hombres;1 año;Tasa de mortalidad;2023;0,243534
Hombres;1 año;Promedio de años vividos el último año de vida;2023;0,441860
Hombres;1 año;Riesgo de muerte;2023;0,243501
Hombres;1 año;Supervivientes;2023;99.726,291392
Hombres;1 año;Defunciones teóricas;2023;24,283482
Hombres;1 año;Población estacionaria;2023;99.712,737821
Hombres;1 año;Tiempo por vivir;2023;8.011.440,462600
Hombres;1 año;Esperanza de vida;2023;80,334286
Hombres;2 años;Tasa de mortalidad;2023;0,183764
Hombres;2 años;Promedio de años vividos el último año de vida;2023;0,455957
Hombres;2 años;Riesgo de muerte;2023;0,183746
Hombres;2 años;Supervivientes;2023;99.702,007910
Hombres;2 años;Defunciones teóricas;2023;18,319835
Hombres;2 años;Población estacionaria;2023;99.692,041129
Hombres;2 años;Tiempo por vivir;2023;7.911.727,724800
Hombres;2 años;Esperanza de vida;2023;79,353745
Hombres;3 años;Tasa de mortalidad;2023;0,101860
Hombres;3 años;Promedio de años vividos el último año de vida;2023;0,497188
Hombres;3 años;Riesgo de muerte;2023;0,101855
Hombres;3 años;Supervivientes;2023;99.683,688075
Hombres;3 años;Defunciones teóricas;2023;10,153281
Hombres;3 años;Población estacionaria;2023;99.678,582885
Hombres;3 años;Tiempo por vivir;2023;7.812.035,683700
Hombres;3 años;Esperanza de vida;2023;78,368245
Hombres;4 años;Tasa de mortalidad;2023;0,162156
Hombres;4 años;Promedio de años vividos el último año de vida;2023;0,507791
Hombres;4 años;Riesgo de muerte;2023;0,162143
Hombres;4 años;Supervivientes;2023;99.673,534794
Hombres;4 años;Defunciones teóricas;2023;16,161399
Hombres;4 años;Población estacionaria;2023;99.665,580010
Hombres;4 años;Tiempo por vivir;2023;7.712.357,100800
Hombres;4 años;Esperanza de vida;2023;77,376177
Hombres;5 años;Tasa de mortalidad;2023;0,062091
Hombres;5 años;Promedio de años vividos el último año de vida;2023;0,480927
Hombres;5 años;Riesgo de muerte;2023;0,062089
Hombres;5 años;Supervivientes;2023;99.657,373395
Hombres;5 años;Defunciones teóricas;2023;6,187666
Hombres;5 años;Población estacionaria;2023;99.654,161546
Hombres;5 años;Tiempo por vivir;2023;7.612.691,520800
Hombres;5 años;Esperanza de vida;2023;76,388643
Hombres;6 años;Tasa de mortalidad;2023;0,072072
Hombres;6 años;Promedio de años vividos el último año de vida;2023;0,498116
Hombres;6 años;Riesgo de muerte;2023;0,072070
Hombres;6 años;Supervivientes;2023;99.651,185729
Hombres;6 años;Defunciones teóricas;2023;7,181819
Hombres;6 años;Población estacionaria;2023;99.647,581292
Hombres;6 años;Tiempo por vivir;2023;7.513.037,359200
Hombres;6 años;Esperanza de vida;2023;75,393356
Hombres;7 años;Tasa de mortalidad;2023;0,056304
Hombres;7 años;Promedio de años vividos el último año de vida;2023;0,506639
Hombres;7 años;Riesgo de muerte;2023;0,056303
Hombres;7 años;Supervivientes;2023;99.644,003910
Hombres;7 años;Defunciones teóricas;2023;5,610247
Hombres;7 años;Población estacionaria;2023;99.641,236030
Hombres;7 años;Tiempo por vivir;2023;7.413.389,777900
Hombres;7 años;Esperanza de vida;2023;74,398754
Hombres;8 años;Tasa de mortalidad;2023;0,097243
Hombres;8 años;Promedio de años vividos el último año de vida;2023;0,479333
Hombres;8 años;Riesgo de muerte;2023;0,097238
Hombres;8 años;Supervivientes;2023;99.638,393663
Hombres;8 años;Defunciones teóricas;2023;9,688637
Hombres;8 años;Población estacionaria;2023;99.633,349108
Hombres;8 años;Tiempo por vivir;2023;7.313.748,541900
Hombres;8 años;Esperanza de vida;2023;73,402915
Hombres;9 años;Tasa de mortalidad;2023;0,075695
Hombres;9 años;Promedio de años vividos el último año de vida;2023;0,464992
Hombres;9 años;Riesgo de muerte;2023;0,075692
Hombres;9 años;Supervivientes;2023;99.628,705025
Hombres;9 años;Defunciones teóricas;2023;7,541066
Hombres;9 años;Población estacionaria;2023;99.624,670498
Hombres;9 años;Tiempo por vivir;2023;7.214.115,192800
Hombres;9 años;Esperanza de vida;2023;72,410007
Hombres;10 años;Tasa de mortalidad;2023;0,041081
Hombres;10 años;Promedio de años vividos el último año de vida;2023;0,762466
Hombres;10 años;Riesgo de muerte;2023;0,041080
Hombres;10 años;Supervivientes;2023;99.621,163959
Hombres;10 años;Defunciones teóricas;2023;4,092470
Hombres;10 años;Población estacionaria;2023;99.620,191858
Hombres;10 años;Tiempo por vivir;2023;7.114.490,522300
Hombres;10 años;Esperanza de vida;2023;71,415453
Hombres;11 años;Tasa de mortalidad;2023;0,094742
Hombres;11 años;Promedio de años vividos el último año de vida;2023;0,584247
Hombres;11 años;Riesgo de muerte;2023;0,094738
Hombres;11 años;Supervivientes;2023;99.617,071489
Hombres;11 años;Defunciones teóricas;2023;9,437548
Hombres;11 años;Población estacionaria;2023;99.613,147796
Hombres;11 años;Tiempo por vivir;2023;7.014.870,330500
Hombres;11 años;Esperanza de vida;2023;70,418355
Hombres;12 años;Tasa de mortalidad;2023;0,088777
Hombres;12 años;Promedio de años vividos el último año de vida;2023;0,423824
Hombres;12 años;Riesgo de muerte;2023;0,088772
Hombres;12 años;Supervivientes;2023;99.607,633941
Hombres;12 años;Defunciones teóricas;2023;8,842383
Hombres;12 años;Población estacionaria;2023;99.602,539169
Hombres;12 años;Tiempo por vivir;2023;6.915.257,182700
Hombres;12 años;Esperanza de vida;2023;69,424972
Hombres;13 años;Tasa de mortalidad;2023;0,060532
Hombres;13 años;Promedio de años vividos el último año de vida;2023;0,433390
Hombres;13 años;Riesgo de muerte;2023;0,060530
Hombres;13 años;Supervivientes;2023;99.598,791557
Hombres;13 años;Defunciones teóricas;2023;6,028671
Hombres;13 años;Población estacionaria;2023;99.595,375655
Hombres;13 años;Tiempo por vivir;2023;6.815.654,643500
Hombres;13 años;Esperanza de vida;2023;68,431098
Hombres;14 años;Tasa de mortalidad;2023;0,095400
Hombres;14 años;Promedio de años vividos el último año de vida;2023;0,511275
Hombres;14 años;Riesgo de muerte;2023;0,095395
Hombres;14 años;Supervivientes;2023;99.592,762886
Hombres;14 años;Defunciones teóricas;2023;9,500680
Hombres;14 años;Población estacionaria;2023;99.588,119667
Hombres;14 años;Tiempo por vivir;2023;6.716.059,267800
Hombres;14 años;Esperanza de vida;2023;67,435214
Hombres;15 años;Tasa de mortalidad;2023;0,116998
Hombres;15 años;Promedio de años vividos el último año de vida;2023;0,532962
Hombres;15 años;Riesgo de muerte;2023;0,116991
Hombres;15 años;Supervivientes;2023;99.583,262206
Hombres;15 años;Defunciones teóricas;2023;11,650357
Hombres;15 años;Población estacionaria;2023;99.577,821051
Hombres;15 años;Tiempo por vivir;2023;6.616.471,148200
Hombres;15 años;Esperanza de vida;2023;66,441599
Hombres;16 años;Tasa de mortalidad;2023;0,152726
Hombres;16 años;Promedio de años vividos el último año de vida;2023;0,598396
Hombres;16 años;Riesgo de muerte;2023;0,152716
Hombres;16 años;Supervivientes;2023;99.571,611850
Hombres;16 años;Defunciones teóricas;2023;15,206227
Hombres;16 años;Población estacionaria;2023;99.565,504972
Hombres;16 años;Tiempo por vivir;2023;6.516.893,327100
Hombres;16 años;Esperanza de vida;2023;65,449310
Hombres;17 años;Tasa de mortalidad;2023;0,153841
Hombres;17 años;Promedio de años vividos el último año de vida;2023;0,446843
Hombres;17 años;Riesgo de muerte;2023;0,153828
Hombres;17 años;Supervivientes;2023;99.556,405622
Hombres;17 años;Defunciones teóricas;2023;15,314582
Hombres;17 años;Población estacionaria;2023;99.547,934249
Hombres;17 años;Tiempo por vivir;2023;6.417.327,822100
Hombres;17 años;Esperanza de vida;2023;64,459216
Hombres;18 años;Tasa de mortalidad;2023;0,258186
Hombres;18 años;Promedio de años vividos el último año de vida;2023;0,430336
Hombres;18 años;Riesgo de muerte;2023;0,258148
Hombres;18 años;Supervivientes;2023;99.541,091041
Hombres;18 años;Defunciones teóricas;2023;25,696379
Hombres;18 años;Población estacionaria;2023;99.526,452726
Hombres;18 años;Tiempo por vivir;2023;6.317.779,887900
Hombres;18 años;Esperanza de vida;2023;63,469064
Hombres;19 años;Tasa de mortalidad;2023;0,302267
Hombres;19 años;Promedio de años vividos el último año de vida;2023;0,529410
Hombres;19 años;Riesgo de muerte;2023;0,302224
Hombres;19 años;Supervivientes;2023;99.515,394661
Hombres;19 años;Defunciones teóricas;2023;30,075974
Hombres;19 años;Población estacionaria;2023;99.501,241202
Hombres;19 años;Tiempo por vivir;2023;6.218.253,435200
Hombres;19 años;Esperanza de vida;2023;62,485342
Hombres;20 años;Tasa de mortalidad;2023;0,355746
Hombres;20 años;Promedio de años vividos el último año de vida;2023;0,468755
Hombres;20 años;Riesgo de muerte;2023;0,355679
Hombres;20 años;Supervivientes;2023;99.485,318687
Hombres;20 años;Defunciones teóricas;2023;35,384846
Hombres;20 años;Población estacionaria;2023;99.466,520681
Hombres;20 años;Tiempo por vivir;2023;6.118.752,194000
Hombres;20 años;Esperanza de vida;2023;61,504072
Hombres;21 años;Tasa de mortalidad;2023;0,385616
Hombres;21 años;Promedio de años vividos el último año de vida;2023;0,530639
Hombres;21 años;Riesgo de muerte;2023;0,385546
Hombres;21 años;Supervivientes;2023;99.449,933841
Hombres;21 años;Defunciones teóricas;2023;38,342571
Hombres;21 años;Población estacionaria;2023;99.431,937326
Hombres;21 años;Tiempo por vivir;2023;6.019.285,673300
Hombres;21 años;Esperanza de vida;2023;60,525789
Hombres;22 años;Tasa de mortalidad;2023;0,366726
Hombres;22 años;Promedio de años vividos el último año de vida;2023;0,463748
Hombres;22 años;Riesgo de muerte;2023;0,366654
Hombres;22 años;Supervivientes;2023;99.411,591270
Hombres;22 años;Defunciones teóricas;2023;36,449651
Hombres;22 años;Población estacionaria;2023;99.392,045074
Hombres;22 años;Tiempo por vivir;2023;5.919.853,736000
Hombres;22 años;Esperanza de vida;2023;59,548928
Hombres;23 años;Tasa de mortalidad;2023;0,378692
Hombres;23 años;Promedio de años vividos el último año de vida;2023;0,491233
Hombres;23 años;Riesgo de muerte;2023;0,378619
Hombres;23 años;Supervivientes;2023;99.375,141619
Hombres;23 años;Defunciones teóricas;2023;37,625324
Hombres;23 años;Población estacionaria;2023;99.355,999091
Hombres;23 años;Tiempo por vivir;2023;5.820.461,690900
Hombres;23 años;Esperanza de vida;2023;58,570600
Hombres;24 años;Tasa de mortalidad;2023;0,427451
Hombres;24 años;Promedio de años vividos el último año de vida;2023;0,488066
Hombres;24 años;Riesgo de muerte;2023;0,427357
Hombres;24 años;Supervivientes;2023;99.337,516295
Hombres;24 años;Defunciones teóricas;2023;42,452628
Hombres;24 años;Población estacionaria;2023;99.315,783357
Hombres;24 años;Tiempo por vivir;2023;5.721.105,691800
Hombres;24 años;Esperanza de vida;2023;57,592598
Hombres;25 años;Tasa de mortalidad;2023;0,434635
Hombres;25 años;Promedio de años vividos el último año de vida;2023;0,458650
Hombres;25 años;Riesgo de muerte;2023;0,434533
Hombres;25 años;Supervivientes;2023;99.295,063667
Hombres;25 años;Defunciones teóricas;2023;43,146955
Hombres;25 años;Población estacionaria;2023;99.271,706043
Hombres;25 años;Tiempo por vivir;2023;5.621.789,908400
Hombres;25 años;Esperanza de vida;2023;56,617013
Hombres;26 años;Tasa de mortalidad;2023;0,351423
Hombres;26 años;Promedio de años vividos el último año de vida;2023;0,490113
Hombres;26 años;Riesgo de muerte;2023;0,351361
Hombres;26 años;Supervivientes;2023;99.251,916712
Hombres;26 años;Defunciones teóricas;2023;34,873206
Hombres;26 años;Población estacionaria;2023;99.234,135323
Hombres;26 años;Tiempo por vivir;2023;5.522.518,202400
Hombres;26 años;Esperanza de vida;2023;55,641426
Hombres;27 años;Tasa de mortalidad;2023;0,441413
Hombres;27 años;Promedio de años vividos el último año de vida;2023;0,512069
Hombres;27 años;Riesgo de muerte;2023;0,441318
Hombres;27 años;Supervivientes;2023;99.217,043506
Hombres;27 años;Defunciones teóricas;2023;43,786236
Hombres;27 años;Población estacionaria;2023;99.195,678842
Hombres;27 años;Tiempo por vivir;2023;5.423.284,067100
Hombres;27 años;Esperanza de vida;2023;54,660811
Hombres;28 años;Tasa de mortalidad;2023;0,431809
Hombres;28 años;Promedio de años vividos el último año de vida;2023;0,470351
Hombres;28 años;Riesgo de muerte;2023;0,431710
Hombres;28 años;Supervivientes;2023;99.173,257269
Hombres;28 años;Defunciones teóricas;2023;42,814118
Hombres;28 años;Población estacionaria;2023;99.150,580832
Hombres;28 años;Tiempo por vivir;2023;5.324.088,388200
Hombres;28 años;Esperanza de vida;2023;53,684718
Hombres;29 años;Tasa de mortalidad;2023;0,440589
Hombres;29 años;Promedio de años vividos el último año de vida;2023;0,462808
Hombres;29 años;Riesgo de muerte;2023;0,440485
Hombres;29 años;Supervivientes;2023;99.130,443152
Hombres;29 años;Defunciones teóricas;2023;43,665494
Hombres;29 años;Población estacionaria;2023;99.106,986407
Hombres;29 años;Tiempo por vivir;2023;5.224.937,807400
Hombres;29 años;Esperanza de vida;2023;52,707702
Hombres;30 años;Tasa de mortalidad;2023;0,497233
Hombres;30 años;Promedio de años vividos el último año de vida;2023;0,469755
Hombres;30 años;Riesgo de muerte;2023;0,497101
Hombres;30 años;Supervivientes;2023;99.086,777658
Hombres;30 años;Defunciones teóricas;2023;49,256181
Hombres;30 años;Población estacionaria;2023;99.060,659795
Hombres;30 años;Tiempo por vivir;2023;5.125.830,821000
Hombres;30 años;Esperanza de vida;2023;51,730725
Hombres;31 años;Tasa de mortalidad;2023;0,513042
Hombres;31 años;Promedio de años vividos el último año de vida;2023;0,534152
Hombres;31 años;Riesgo de muerte;2023;0,512919
Hombres;31 años;Supervivientes;2023;99.037,521476
Hombres;31 años;Defunciones teóricas;2023;50,798235
Hombres;31 años;Población estacionaria;2023;99.013,857225
Hombres;31 años;Tiempo por vivir;2023;5.026.770,161200
Hombres;31 años;Esperanza de vida;2023;50,756219
Hombres;32 años;Tasa de mortalidad;2023;0,546988
Hombres;32 años;Promedio de años vividos el último año de vida;2023;0,531790
Hombres;32 años;Riesgo de muerte;2023;0,546848
Hombres;32 años;Supervivientes;2023;98.986,723241
Hombres;32 años;Defunciones teóricas;2023;54,130709
Hombres;32 años;Población estacionaria;2023;98.961,378683
Hombres;32 años;Tiempo por vivir;2023;4.927.756,304000
Hombres;32 años;Esperanza de vida;2023;49,781992
Hombres;33 años;Tasa de mortalidad;2023;0,576141
Hombres;33 años;Promedio de años vividos el último año de vida;2023;0,514438
Hombres;33 años;Riesgo de muerte;2023;0,575979
Hombres;33 años;Supervivientes;2023;98.932,592532
Hombres;33 años;Defunciones teóricas;2023;56,983140
Hombres;33 años;Población estacionaria;2023;98.904,923658
Hombres;33 años;Tiempo por vivir;2023;4.828.794,925300
Hombres;33 años;Esperanza de vida;2023;48,808940
Hombres;34 años;Tasa de mortalidad;2023;0,596546
Hombres;34 años;Promedio de años vividos el último año de vida;2023;0,528545
Hombres;34 años;Riesgo de muerte;2023;0,596378
Hombres;34 años;Supervivientes;2023;98.875,609392
Hombres;34 años;Defunciones teóricas;2023;58,967275
Hombres;34 años;Población estacionaria;2023;98.847,809000
Hombres;34 años;Tiempo por vivir;2023;4.729.890,001600
Hombres;34 años;Esperanza de vida;2023;47,836772
Hombres;35 años;Tasa de mortalidad;2023;0,688586
Hombres;35 años;Promedio de años vividos el último año de vida;2023;0,456978
Hombres;35 años;Riesgo de muerte;2023;0,688329
Hombres;35 años;Supervivientes;2023;98.816,642117
Hombres;35 años;Defunciones teóricas;2023;68,018352
Hombres;35 años;Población estacionaria;2023;98.779,706667
Hombres;35 años;Tiempo por vivir;2023;4.631.042,192600
Hombres;35 años;Esperanza de vida;2023;46,865003
Hombres;36 años;Tasa de mortalidad;2023;0,578794
Hombres;36 años;Promedio de años vividos el último año de vida;2023;0,536110
Hombres;36 años;Riesgo de muerte;2023;0,578638
Hombres;36 años;Supervivientes;2023;98.748,623765
Hombres;36 años;Defunciones teóricas;2023;57,139753
Hombres;36 años;Población estacionaria;2023;98.722,117218
Hombres;36 años;Tiempo por vivir;2023;4.532.262,486000
Hombres;36 años;Esperanza de vida;2023;45,896969
Hombres;37 años;Tasa de mortalidad;2023;0,778388
Hombres;37 años;Promedio de años vividos el último año de vida;2023;0,498619
Hombres;37 años;Riesgo de muerte;2023;0,778084
Hombres;37 años;Supervivientes;2023;98.691,484012
Hombres;37 años;Defunciones teóricas;2023;76,790265
Hombres;37 años;Población estacionaria;2023;98.652,982800
Hombres;37 años;Tiempo por vivir;2023;4.433.540,368700
Hombres;37 años;Esperanza de vida;2023;44,923231
Hombres;38 años;Tasa de mortalidad;2023;0,814311
Hombres;38 años;Promedio de años vividos el último año de vida;2023;0,484107
Hombres;38 años;Riesgo de muerte;2023;0,813970
Hombres;38 años;Supervivientes;2023;98.614,693747
Hombres;38 años;Defunciones teóricas;2023;80,269357
Hombres;38 años;Población estacionaria;2023;98.573,283384
Hombres;38 años;Tiempo por vivir;2023;4.334.887,385900
Hombres;38 años;Esperanza de vida;2023;43,957824
Hombres;39 años;Tasa de mortalidad;2023;0,760256
Hombres;39 años;Promedio de años vividos el último año de vida;2023;0,472531
Hombres;39 años;Riesgo de muerte;2023;0,759951
Hombres;39 años;Supervivientes;2023;98.534,424390
Hombres;39 años;Defunciones teóricas;2023;74,881342
Hombres;39 años;Población estacionaria;2023;98.494,926777
Hombres;39 años;Tiempo por vivir;2023;4.236.314,102600
Hombres;39 años;Esperanza de vida;2023;42,993239
Hombres;40 años;Tasa de mortalidad;2023;0,952780
Hombres;40 años;Promedio de años vividos el último año de vida;2023;0,487892
Hombres;40 años;Riesgo de muerte;2023;0,952316
Hombres;40 años;Supervivientes;2023;98.459,543048
Hombres;40 años;Defunciones teóricas;2023;93,764577
Hombres;40 años;Población estacionaria;2023;98.411,525436
Hombres;40 años;Tiempo por vivir;2023;4.137.819,175800
Hombres;40 años;Esperanza de vida;2023;42,025578
Hombres;41 años;Tasa de mortalidad;2023;0,950757
Hombres;41 años;Promedio de años vividos el último año de vida;2023;0,504953
Hombres;41 años;Riesgo de muerte;2023;0,950310
Hombres;41 años;Supervivientes;2023;98.365,778471
Hombres;41 años;Defunciones teóricas;2023;93,477963
Hombres;41 años;Población estacionaria;2023;98.319,502447
Hombres;41 años;Tiempo por vivir;2023;4.039.407,650400
Hombres;41 años;Esperanza de vida;2023;41,065172
Hombres;42 años;Tasa de mortalidad;2023;0,953385
Hombres;42 años;Promedio de años vividos el último año de vida;2023;0,515270
Hombres;42 años;Riesgo de muerte;2023;0,952945
Hombres;42 años;Supervivientes;2023;98.272,300508
Hombres;42 años;Defunciones teóricas;2023;93,648056
Hombres;42 años;Población estacionaria;2023;98.226,906459
Hombres;42 años;Tiempo por vivir;2023;3.941.088,147900
Hombres;42 años;Esperanza de vida;2023;40,103754
Hombres;43 años;Tasa de mortalidad;2023;1,170479
Hombres;43 años;Promedio de años vividos el último año de vida;2023;0,508670
Hombres;43 años;Riesgo de muerte;2023;1,169806
Hombres;43 años;Supervivientes;2023;98.178,652452
Hombres;43 años;Defunciones teóricas;2023;114,849983
Hombres;43 años;Población estacionaria;2023;98.122,223176
Hombres;43 años;Tiempo por vivir;2023;3.842.861,241400
Hombres;43 años;Esperanza de vida;2023;39,141515
Hombres;44 años;Tasa de mortalidad;2023;1,282408
Hombres;44 años;Promedio de años vividos el último año de vida;2023;0,503014
Hombres;44 años;Riesgo de muerte;2023;1,281592
Hombres;44 años;Supervivientes;2023;98.063,802469
Hombres;44 años;Defunciones teóricas;2023;125,677737
Hombres;44 años;Población estacionaria;2023;98.001,342355
Hombres;44 años;Tiempo por vivir;2023;3.744.739,018300
Hombres;44 años;Esperanza de vida;2023;38,186761
Hombres;45 años;Tasa de mortalidad;2023;1,375553
Hombres;45 años;Promedio de años vividos el último año de vida;2023;0,487155
Hombres;45 años;Riesgo de muerte;2023;1,374583
Hombres;45 años;Supervivientes;2023;97.938,124732
Hombres;45 años;Defunciones teóricas;2023;134,624076
Hombres;45 años;Población estacionaria;2023;97.869,083502
Hombres;45 años;Tiempo por vivir;2023;3.646.737,675900
Hombres;45 años;Esperanza de vida;2023;37,235118
Hombres;46 años;Tasa de mortalidad;2023;1,563704
Hombres;46 años;Promedio de años vividos el último año de vida;2023;0,525567
Hombres;46 años;Riesgo de muerte;2023;1,562545
Hombres;46 años;Supervivientes;2023;97.803,500656
Hombres;46 años;Defunciones teóricas;2023;152,822384
Hombres;46 años;Población estacionaria;2023;97.730,996713
Hombres;46 años;Tiempo por vivir;2023;3.548.868,592400
Hombres;46 años;Esperanza de vida;2023;36,285701
Hombres;47 años;Tasa de mortalidad;2023;1,607663
Hombres;47 años;Promedio de años vividos el último año de vida;2023;0,497131
Hombres;47 años;Riesgo de muerte;2023;1,606365
Hombres;47 años;Supervivientes;2023;97.650,678271
Hombres;47 años;Defunciones teóricas;2023;156,862603
Hombres;47 años;Población estacionaria;2023;97.571,796974
Hombres;47 años;Tiempo por vivir;2023;3.451.137,595700
Hombres;47 años;Esperanza de vida;2023;35,341665
Hombres;48 años;Tasa de mortalidad;2023;1,851601
Hombres;48 años;Promedio de años vividos el último año de vida;2023;0,514839
Hombres;48 años;Riesgo de muerte;2023;1,849939
Hombres;48 años;Supervivientes;2023;97.493,815668
Hombres;48 años;Defunciones teóricas;2023;180,357640
Hombres;48 años;Población estacionaria;2023;97.406,313119
Hombres;48 años;Tiempo por vivir;2023;3.353.565,798700
Hombres;48 años;Esperanza de vida;2023;34,397728
Hombres;49 años;Tasa de mortalidad;2023;2,049684
Hombres;49 años;Promedio de años vividos el último año de vida;2023;0,487777
Hombres;49 años;Riesgo de muerte;2023;2,047534
Hombres;49 años;Supervivientes;2023;97.313,458028
Hombres;49 años;Defunciones teóricas;2023;199,252652
Hombres;49 años;Población estacionaria;2023;97.211,396260
Hombres;49 años;Tiempo por vivir;2023;3.256.159,485600
Hombres;49 años;Esperanza de vida;2023;33,460526
Hombres;50 años;Tasa de mortalidad;2023;2,398705
Hombres;50 años;Promedio de años vividos el último año de vida;2023;0,506734
Hombres;50 años;Riesgo de muerte;2023;2,395870
Hombres;50 años;Supervivientes;2023;97.114,205377
Hombres;50 años;Defunciones teóricas;2023;232,673045
Hombres;50 años;Población estacionaria;2023;96.999,435721
Hombres;50 años;Tiempo por vivir;2023;3.158.948,089300
Hombres;50 años;Esperanza de vida;2023;32,528177
Hombres;51 años;Tasa de mortalidad;2023;2,746050
Hombres;51 años;Promedio de años vividos el último año de vida;2023;0,511245
Hombres;51 años;Riesgo de muerte;2023;2,742370
Hombres;51 años;Supervivientes;2023;96.881,532331
Hombres;51 años;Defunciones teóricas;2023;265,684973
Hombres;51 años;Población estacionaria;2023;96.751,677369
Hombres;51 años;Tiempo por vivir;2023;3.061.948,653600
Hombres;51 años;Esperanza de vida;2023;31,605081
Hombres;52 años;Tasa de mortalidad;2023;2,891515
Hombres;52 años;Promedio de años vividos el último año de vida;2023;0,502109
Hombres;52 años;Riesgo de muerte;2023;2,887358
Hombres;52 años;Supervivientes;2023;96.615,847358
Hombres;52 años;Defunciones teóricas;2023;278,964558
Hombres;52 años;Población estacionaria;2023;96.476,953283
Hombres;52 años;Tiempo por vivir;2023;2.965.196,976300
Hombres;52 años;Esperanza de vida;2023;30,690586
Hombres;53 años;Tasa de mortalidad;2023;3,367915
Hombres;53 años;Promedio de años vividos el último año de vida;2023;0,510258
Hombres;53 años;Riesgo de muerte;2023;3,362369
Hombres;53 años;Supervivientes;2023;96.336,882800
Hombres;53 años;Defunciones teóricas;2023;323,920126
Hombres;53 años;Población estacionaria;2023;96.178,245613
Hombres;53 años;Tiempo por vivir;2023;2.868.720,023000
Hombres;53 años;Esperanza de vida;2023;29,778003
Hombres;54 años;Tasa de mortalidad;2023;3,920418
Hombres;54 años;Promedio de años vividos el último año de vida;2023;0,511735
Hombres;54 años;Riesgo de muerte;2023;3,912928
Hombres;54 años;Supervivientes;2023;96.012,962674
Hombres;54 años;Defunciones teóricas;2023;375,691785
Hombres;54 años;Población estacionaria;2023;95.829,525455
Hombres;54 años;Tiempo por vivir;2023;2.772.541,777400
Hombres;54 años;Esperanza de vida;2023;28,876744
Hombres;55 años;Tasa de mortalidad;2023;4,356482
Hombres;55 años;Promedio de años vividos el último año de vida;2023;0,496456
Hombres;55 años;Riesgo de muerte;2023;4,346946
Hombres;55 años;Supervivientes;2023;95.637,270889
Hombres;55 años;Defunciones teóricas;2023;415,730034
Hombres;55 años;Población estacionaria;2023;95.427,932726
Hombres;55 años;Tiempo por vivir;2023;2.676.712,251900
Hombres;55 años;Esperanza de vida;2023;27,988171
Hombres;56 años;Tasa de mortalidad;2023;4,958776
Hombres;56 años;Promedio de años vividos el último año de vida;2023;0,500258
Hombres;56 años;Riesgo de muerte;2023;4,946518
Hombres;56 años;Supervivientes;2023;95.221,540855
Hombres;56 años;Defunciones teóricas;2023;471,015045
Hombres;56 años;Población estacionaria;2023;94.986,155053
Hombres;56 años;Tiempo por vivir;2023;2.581.284,319200
Hombres;56 años;Esperanza de vida;2023;27,108197
Hombres;57 años;Tasa de mortalidad;2023;5,435425
Hombres;57 años;Promedio de años vividos el último año de vida;2023;0,505558
Hombres;57 años;Riesgo de muerte;2023;5,420856
Hombres;57 años;Supervivientes;2023;94.750,525810
Hombres;57 años;Defunciones teóricas;2023;513,628991
Hombres;57 años;Población estacionaria;2023;94.496,566292
Hombres;57 años;Tiempo por vivir;2023;2.486.298,164100
Hombres;57 años;Esperanza de vida;2023;26,240468
Hombres;58 años;Tasa de mortalidad;2023;6,230018
Hombres;58 años;Promedio de años vividos el último año de vida;2023;0,511515
Hombres;58 años;Riesgo de muerte;2023;6,211116
Hombres;58 años;Supervivientes;2023;94.236,896819
Hombres;58 años;Defunciones teóricas;2023;585,316270
Hombres;58 años;Población estacionaria;2023;93.950,978796
Hombres;58 años;Tiempo por vivir;2023;2.391.801,597800
Hombres;58 años;Esperanza de vida;2023;25,380734
Hombres;59 años;Tasa de mortalidad;2023;6,467662
Hombres;59 años;Promedio de años vividos el último año de vida;2023;0,495003
Hombres;59 años;Riesgo de muerte;2023;6,446607
Hombres;59 años;Supervivientes;2023;93.651,580550
Hombres;59 años;Defunciones teóricas;2023;603,734901
Hombres;59 años;Población estacionaria;2023;93.346,696004
Hombres;59 años;Tiempo por vivir;2023;2.297.850,619000
Hombres;59 años;Esperanza de vida;2023;24,536165
Hombres;60 años;Tasa de mortalidad;2023;7,386021
Hombres;60 años;Promedio de años vividos el último año de vida;2023;0,504435
Hombres;60 años;Riesgo de muerte;2023;7,359085
Hombres;60 años;Supervivientes;2023;93.047,845648
Hombres;60 años;Defunciones teóricas;2023;684,746985
Hombres;60 años;Población estacionaria;2023;92.708,508671
Hombres;60 años;Tiempo por vivir;2023;2.204.503,923000
Hombres;60 años;Esperanza de vida;2023;23,692154
Hombres;61 años;Tasa de mortalidad;2023;8,039640
Hombres;61 años;Promedio de años vividos el último año de vida;2023;0,512584
Hombres;61 años;Riesgo de muerte;2023;8,008258
Hombres;61 años;Supervivientes;2023;92.363,098663
Hombres;61 años;Defunciones teóricas;2023;739,667569
Hombres;61 años;Población estacionaria;2023;92.002,572504
Hombres;61 años;Tiempo por vivir;2023;2.111.795,414400
Hombres;61 años;Esperanza de vida;2023;22,864060
Hombres;62 años;Tasa de mortalidad;2023;8,932831
Hombres;62 años;Promedio de años vividos el último año de vida;2023;0,511952
Hombres;62 años;Riesgo de muerte;2023;8,894056
Hombres;62 años;Supervivientes;2023;91.623,431094
Hombres;62 años;Defunciones teóricas;2023;814,903951
Hombres;62 años;Población estacionaria;2023;91.225,718684
Hombres;62 años;Tiempo por vivir;2023;2.019.792,841900
Hombres;62 años;Esperanza de vida;2023;22,044501
Hombres;63 años;Tasa de mortalidad;2023;9,637568
Hombres;63 años;Promedio de años vividos el último año de vida;2023;0,503565
Hombres;63 años;Riesgo de muerte;2023;9,591677
Hombres;63 años;Supervivientes;2023;90.808,527143
Hombres;63 años;Defunciones teóricas;2023;871,006087
Hombres;63 años;Población estacionaria;2023;90.376,129570
Hombres;63 años;Tiempo por vivir;2023;1.928.567,123200
Hombres;63 años;Esperanza de vida;2023;21,237732
Hombres;64 años;Tasa de mortalidad;2023;10,697025
Hombres;64 años;Promedio de años vividos el último año de vida;2023;0,495347
Hombres;64 años;Riesgo de muerte;2023;10,639590
Hombres;64 años;Supervivientes;2023;89.937,521055
Hombres;64 años;Defunciones teóricas;2023;956,898340
Hombres;64 años;Población estacionaria;2023;89.454,619604
Hombres;64 años;Tiempo por vivir;2023;1.838.190,993600
Hombres;64 años;Esperanza de vida;2023;20,438533
Hombres;65 años;Tasa de mortalidad;2023;11,647130
Hombres;65 años;Promedio de años vividos el último año de vida;2023;0,504722
Hombres;65 años;Riesgo de muerte;2023;11,580328
Hombres;65 años;Supervivientes;2023;88.980,622715
Hombres;65 años;Defunciones teóricas;2023;1.030,424785
Hombres;65 años;Población estacionaria;2023;88.470,275524
Hombres;65 años;Tiempo por vivir;2023;1.748.736,374000
Hombres;65 años;Esperanza de vida;2023;19,653002
Hombres;66 años;Tasa de mortalidad;2023;12,198592
Hombres;66 años;Promedio de años vividos el último año de vida;2023;0,497326
Hombres;66 años;Riesgo de muerte;2023;12,124247
Hombres;66 años;Supervivientes;2023;87.950,197930
Hombres;66 años;Defunciones teóricas;2023;1.066,329914
Hombres;66 años;Población estacionaria;2023;87.414,181250
Hombres;66 años;Tiempo por vivir;2023;1.660.266,098500
Hombres;66 años;Esperanza de vida;2023;18,877344
Hombres;67 años;Tasa de mortalidad;2023;14,016372
Hombres;67 años;Promedio de años vividos el último año de vida;2023;0,498824
Hombres;67 años;Riesgo de muerte;2023;13,918598
Hombres;67 años;Supervivientes;2023;86.883,868017
Hombres;67 años;Defunciones teóricas;2023;1.209,301658
Hombres;67 años;Población estacionaria;2023;86.277,794722
Hombres;67 años;Tiempo por vivir;2023;1.572.851,917200
Hombres;67 años;Esperanza de vida;2023;18,102922
Hombres;68 años;Tasa de mortalidad;2023;14,961287
Hombres;68 años;Promedio de años vividos el último año de vida;2023;0,502818
Hombres;68 años;Riesgo de muerte;2023;14,850819
Hombres;68 años;Supervivientes;2023;85.674,566359
Hombres;68 años;Defunciones teóricas;2023;1.272,337498
Hombres;68 años;Población estacionaria;2023;85.041,983589
Hombres;68 años;Tiempo por vivir;2023;1.486.574,122500
Hombres;68 años;Esperanza de vida;2023;17,351405
Hombres;69 años;Tasa de mortalidad;2023;16,560123
Hombres;69 años;Promedio de años vividos el último año de vida;2023;0,500926
Hombres;69 años;Riesgo de muerte;2023;16,424380
Hombres;69 años;Supervivientes;2023;84.402,228861
Hombres;69 años;Defunciones teóricas;2023;1.386,254279
Hombres;69 años;Población estacionaria;2023;83.710,384895
Hombres;69 años;Tiempo por vivir;2023;1.401.532,138900
Hombres;69 años;Esperanza de vida;2023;16,605393
Hombres;70 años;Tasa de mortalidad;2023;17,495216
Hombres;70 años;Promedio de años vividos el último año de vida;2023;0,506838
Hombres;70 años;Riesgo de muerte;2023;17,345559
Hombres;70 años;Supervivientes;2023;83.015,974582
Hombres;70 años;Defunciones teóricas;2023;1.439,958454
Hombres;70 años;Población estacionaria;2023;82.305,841309
Hombres;70 años;Tiempo por vivir;2023;1.317.821,754000
Hombres;70 años;Esperanza de vida;2023;15,874315
Hombres;71 años;Tasa de mortalidad;2023;19,031672
Hombres;71 años;Promedio de años vividos el último año de vida;2023;0,492134
Hombres;71 años;Riesgo de muerte;2023;18,849482
Hombres;71 años;Supervivientes;2023;81.576,016128
Hombres;71 años;Defunciones teóricas;2023;1.537,665614
Hombres;71 años;Población estacionaria;2023;80.795,087344
Hombres;71 años;Tiempo por vivir;2023;1.235.515,912700
Hombres;71 años;Esperanza de vida;2023;15,145578
Hombres;72 años;Tasa de mortalidad;2023;20,813873
Hombres;72 años;Promedio de años vividos el último año de vida;2023;0,501737
Hombres;72 años;Riesgo de muerte;2023;20,600233
Hombres;72 años;Supervivientes;2023;80.038,350514
Hombres;72 años;Defunciones teóricas;2023;1.648,808666
Hombres;72 años;Población estacionaria;2023;79.216,810463
Hombres;72 años;Tiempo por vivir;2023;1.154.720,825400
Hombres;72 años;Esperanza de vida;2023;14,427094
Hombres;73 años;Tasa de mortalidad;2023;22,382713
Hombres;73 años;Promedio de años vividos el último año de vida;2023;0,507071
Hombres;73 años;Riesgo de muerte;2023;22,138458
Hombres;73 años;Supervivientes;2023;78.389,541848
Hombres;73 años;Defunciones teóricas;2023;1.735,423550
Hombres;73 años;Población estacionaria;2023;77.534,101985
Hombres;73 años;Tiempo por vivir;2023;1.075.504,014900
Hombres;73 años;Esperanza de vida;2023;13,719994
Hombres;74 años;Tasa de mortalidad;2023;25,484174
Hombres;74 años;Promedio de años vividos el último año de vida;2023;0,501992
Hombres;74 años;Riesgo de muerte;2023;25,164799
Hombres;74 años;Supervivientes;2023;76.654,118298
Hombres;74 años;Defunciones teóricas;2023;1.928,985489
Hombres;74 años;Población estacionaria;2023;75.693,467357
Hombres;74 años;Tiempo por vivir;2023;997.969,912920
Hombres;74 años;Esperanza de vida;2023;13,019130
Hombres;75 años;Tasa de mortalidad;2023;28,876879
Hombres;75 años;Promedio de años vividos el último año de vida;2023;0,498468
Hombres;75 años;Riesgo de muerte;2023;28,464635
Hombres;75 años;Supervivientes;2023;74.725,132809
Hombres;75 años;Defunciones teóricas;2023;2.127,023651
Hombres;75 años;Población estacionaria;2023;73.658,362879
Hombres;75 años;Tiempo por vivir;2023;922.276,445560
Hombres;75 años;Esperanza de vida;2023;12,342252
Hombres;76 años;Tasa de mortalidad;2023;30,340411
Hombres;76 años;Promedio de años vividos el último año de vida;2023;0,504659
Hombres;76 años;Riesgo de muerte;2023;29,891181
Hombres;76 años;Supervivientes;2023;72.598,109159
Hombres;76 años;Defunciones teóricas;2023;2.170,043232
Hombres;76 años;Población estacionaria;2023;71.523,197471
Hombres;76 años;Tiempo por vivir;2023;848.618,082680
Hombres;76 años;Esperanza de vida;2023;11,689259
Hombres;77 años;Tasa de mortalidad;2023;34,485171
Hombres;77 años;Promedio de años vividos el último año de vida;2023;0,507328
Hombres;77 años;Riesgo de muerte;2023;33,909061
Hombres;77 años;Supervivientes;2023;70.428,065927
Hombres;77 años;Defunciones teóricas;2023;2.388,149574
Hombres;77 años;Población estacionaria;2023;69.251,492002
Hombres;77 años;Tiempo por vivir;2023;777.094,885210
Hombres;77 años;Esperanza de vida;2023;11,033881
Hombres;78 años;Tasa de mortalidad;2023;37,443006
Hombres;78 años;Promedio de años vividos el último año de vida;2023;0,512178
Hombres;78 años;Riesgo de muerte;2023;36,771359
Hombres;78 años;Supervivientes;2023;68.039,916352
Hombres;78 años;Defunciones teóricas;2023;2.501,920166
Hombres;78 años;Población estacionaria;2023;66.819,425857
Hombres;78 años;Tiempo por vivir;2023;707.843,393210
Hombres;78 años;Esperanza de vida;2023;10,403355
Hombres;79 años;Tasa de mortalidad;2023;42,181445
Hombres;79 años;Promedio de años vividos el último año de vida;2023;0,505313
Hombres;79 años;Riesgo de muerte;2023;41,319252
Hombres;79 años;Supervivientes;2023;65.537,996186
Hombres;79 años;Defunciones teóricas;2023;2.707,981002
Hombres;79 años;Población estacionaria;2023;64.198,393392
Hombres;79 años;Tiempo por vivir;2023;641.023,967350
Hombres;79 años;Esperanza de vida;2023;9,780952
Hombres;80 años;Tasa de mortalidad;2023;46,748086
Hombres;80 años;Promedio de años vividos el último año de vida;2023;0,495049
Hombres;80 años;Riesgo de muerte;2023;45,670024
Hombres;80 años;Supervivientes;2023;62.830,015184
Hombres;80 años;Defunciones teóricas;2023;2.869,448294
Hombres;80 años;Población estacionaria;2023;61.381,085738
Hombres;80 años;Tiempo por vivir;2023;576.825,573960
Hombres;80 años;Esperanza de vida;2023;9,180733
Hombres;81 años;Tasa de mortalidad;2023;49,928055
Hombres;81 años;Promedio de años vividos el último año de vida;2023;0,494627
Hombres;81 años;Riesgo de muerte;2023;48,699261
Hombres;81 años;Supervivientes;2023;59.960,566890
Hombres;81 años;Defunciones teóricas;2023;2.920,035279
Hombres;81 años;Población estacionaria;2023;58.484,859304
Hombres;81 años;Tiempo por vivir;2023;515.444,488220
Hombres;81 años;Esperanza de vida;2023;8,596391
Hombres;82 años;Tasa de mortalidad;2023;58,439145
Hombres;82 años;Promedio de años vividos el último año de vida;2023;0,525206
Hombres;82 años;Riesgo de muerte;2023;56,861435
Hombres;82 años;Supervivientes;2023;57.040,531611
Hombres;82 años;Defunciones teóricas;2023;3.243,406467
Hombres;82 años;Población estacionaria;2023;55.500,580385
Hombres;82 años;Tiempo por vivir;2023;456.959,628920
Hombres;82 años;Esperanza de vida;2023;8,011139
Hombres;83 años;Tasa de mortalidad;2023;67,641675
Hombres;83 años;Promedio de años vividos el último año de vida;2023;0,474740
Hombres;83 años;Riesgo de muerte;2023;65,320858
Hombres;83 años;Supervivientes;2023;53.797,125144
Hombres;83 años;Defunciones teóricas;2023;3.514,074389
Hombres;83 años;Población estacionaria;2023;51.951,321411
Hombres;83 años;Tiempo por vivir;2023;401.459,048530
Hombres;83 años;Esperanza de vida;2023;7,462463
Hombres;84 años;Tasa de mortalidad;2023;74,615785
Hombres;84 años;Promedio de años vividos el último año de vida;2023;0,514847
Hombres;84 años;Riesgo de muerte;2023;72,009054
Hombres;84 años;Supervivientes;2023;50.283,050755
Hombres;84 años;Defunciones teóricas;2023;3.620,834900
Hombres;84 años;Población estacionaria;2023;48.526,393214
Hombres;84 años;Tiempo por vivir;2023;349.507,727120
Hombres;84 años;Esperanza de vida;2023;6,950806
Hombres;85 años;Tasa de mortalidad;2023;85,952368
Hombres;85 años;Promedio de años vividos el último año de vida;2023;0,514556
Hombres;85 años;Riesgo de muerte;2023;82,509647
Hombres;85 años;Supervivientes;2023;46.662,215855
Hombres;85 años;Defunciones teóricas;2023;3.850,082939
Hombres;85 años;Población estacionaria;2023;44.793,215550
Hombres;85 años;Tiempo por vivir;2023;300.981,333910
Hombres;85 años;Esperanza de vida;2023;6,450215
Hombres;86 años;Tasa de mortalidad;2023;95,984778
Hombres;86 años;Promedio de años vividos el último año de vida;2023;0,507002
Hombres;86 años;Riesgo de muerte;2023;91,647966
Hombres;86 años;Supervivientes;2023;42.812,132917
Hombres;86 años;Defunciones teóricas;2023;3.923,644909
Hombres;86 años;Población estacionaria;2023;40.877,782721
Hombres;86 años;Tiempo por vivir;2023;256.188,118360
Hombres;86 años;Esperanza de vida;2023;5,984007
Hombres;87 años;Tasa de mortalidad;2023;106,887359
Hombres;87 años;Promedio de años vividos el último año de vida;2023;0,501508
Hombres;87 años;Riesgo de muerte;2023;101,480236
Hombres;87 años;Supervivientes;2023;38.888,488007
Hombres;87 años;Defunciones teóricas;2023;3.946,412936
Hombres;87 años;Población estacionaria;2023;36.921,231717
Hombres;87 años;Tiempo por vivir;2023;215.310,335640
Hombres;87 años;Esperanza de vida;2023;5,536609
Hombres;88 años;Tasa de mortalidad;2023;121,837237
Hombres;88 años;Promedio de años vividos el último año de vida;2023;0,496575
Hombres;88 años;Riesgo de muerte;2023;114,796108
Hombres;88 años;Supervivientes;2023;34.942,075071
Hombres;88 años;Defunciones teóricas;2023;4.011,214239
Hombres;88 años;Población estacionaria;2023;32.922,728135
Hombres;88 años;Tiempo por vivir;2023;178.389,103920
Hombres;88 años;Esperanza de vida;2023;5,105281
Hombres;89 años;Tasa de mortalidad;2023;140,250353
Hombres;89 años;Promedio de años vividos el último año de vida;2023;0,497178
Hombres;89 años;Riesgo de muerte;2023;131,011306
Hombres;89 años;Supervivientes;2023;30.930,860832
Hombres;89 años;Defunciones teóricas;2023;4.052,292484
Hombres;89 años;Población estacionaria;2023;28.893,278322
Hombres;89 años;Tiempo por vivir;2023;145.466,375780
Hombres;89 años;Esperanza de vida;2023;4,702953
Hombres;90 años;Tasa de mortalidad;2023;160,766916
Hombres;90 años;Promedio de años vividos el último año de vida;2023;0,488371
Hombres;90 años;Riesgo de muerte;2023;148,548354
Hombres;90 años;Supervivientes;2023;26.878,568348
Hombres;90 años;Defunciones teóricas;2023;3.992,767093
Hombres;90 años;Población estacionaria;2023;24.835,751045
Hombres;90 años;Tiempo por vivir;2023;116.573,097460
Hombres;90 años;Esperanza de vida;2023;4,337028
Hombres;91 años;Tasa de mortalidad;2023;179,914952
Hombres;91 años;Promedio de años vividos el último año de vida;2023;0,484518
Hombres;91 años;Riesgo de muerte;2023;164,645270
Hombres;91 años;Supervivientes;2023;22.885,801255
Hombres;91 años;Defunciones teóricas;2023;3.768,038936
Hombres;91 años;Población estacionaria;2023;20.943,445151
Hombres;91 años;Tiempo por vivir;2023;91.737,346417
Hombres;91 años;Esperanza de vida;2023;4,008483
Hombres;92 años;Tasa de mortalidad;2023;203,281277
Hombres;92 años;Promedio de años vividos el último año de vida;2023;0,487850
Hombres;92 años;Riesgo de muerte;2023;184,113149
Hombres;92 años;Supervivientes;2023;19.117,762319
Hombres;92 años;Defunciones teóricas;2023;3.519,831419
Hombres;92 años;Población estacionaria;2023;17.315,079243
Hombres;92 años;Tiempo por vivir;2023;70.793,901267
Hombres;92 años;Esperanza de vida;2023;3,703043
Hombres;93 años;Tasa de mortalidad;2023;226,025834
Hombres;93 años;Promedio de años vividos el último año de vida;2023;0,478895
Hombres;93 años;Riesgo de muerte;2023;202,209003
Hombres;93 años;Supervivientes;2023;15.597,930900
Hombres;93 años;Defunciones teóricas;2023;3.154,042061
Hombres;93 años;Población estacionaria;2023;13.954,343195
Hombres;93 años;Tiempo por vivir;2023;53.478,822023
Hombres;93 años;Esperanza de vida;2023;3,428584
Hombres;94 años;Tasa de mortalidad;2023;249,630356
Hombres;94 años;Promedio de años vividos el último año de vida;2023;0,483327
Hombres;94 años;Riesgo de muerte;2023;221,111945
Hombres;94 años;Supervivientes;2023;12.443,888840
Hombres;94 años;Defunciones teóricas;2023;2.751,492462
Hombres;94 años;Población estacionaria;2023;11.022,267097
Hombres;94 años;Tiempo por vivir;2023;39.524,478828
Hombres;94 años;Esperanza de vida;2023;3,176216
Hombres;95 años;Tasa de mortalidad;2023;277,717642
Hombres;95 años;Promedio de años vividos el último año de vida;2023;0,482349
Hombres;95 años;Riesgo de muerte;2023;242,810949
Hombres;95 años;Supervivientes;2023;9.692,396378
Hombres;95 años;Defunciones teóricas;2023;2.353,419959
Hombres;95 años;Población estacionaria;2023;8.474,146403
Hombres;95 años;Tiempo por vivir;2023;28.502,211731
Hombres;95 años;Esperanza de vida;2023;2,940677
Hombres;96 años;Tasa de mortalidad;2023;300,720045
Hombres;96 años;Promedio de años vividos el último año de vida;2023;0,481458
Hombres;96 años;Riesgo de muerte;2023;260,152865
Hombres;96 años;Supervivientes;2023;7.338,976419
Hombres;96 años;Defunciones teóricas;2023;1.909,255740
Hombres;96 años;Población estacionaria;2023;6.348,947369
Hombres;96 años;Tiempo por vivir;2023;20.028,065328
Hombres;96 años;Esperanza de vida;2023;2,729000
Hombres;97 años;Tasa de mortalidad;2023;317,903380
Hombres;97 años;Promedio de años vividos el último año de vida;2023;0,476779
Hombres;97 años;Riesgo de muerte;2023;272,566402
Hombres;97 años;Supervivientes;2023;5.429,720679
Hombres;97 años;Defunciones teóricas;2023;1.479,959427
Hombres;97 años;Población estacionaria;2023;4.655,374939
Hombres;97 años;Tiempo por vivir;2023;13.679,117959
Hombres;97 años;Esperanza de vida;2023;2,519304
Hombres;98 años;Tasa de mortalidad;2023;326,578329
Hombres;98 años;Promedio de años vividos el último año de vida;2023;0,464642
Hombres;98 años;Riesgo de muerte;2023;277,977702
Hombres;98 años;Supervivientes;2023;3.949,761252
Hombres;98 años;Defunciones teóricas;2023;1.097,945556
Hombres;98 años;Población estacionaria;2023;3.361,966968
Hombres;98 años;Tiempo por vivir;2023;9.023,743020
Hombres;98 años;Esperanza de vida;2023;2,284630
Hombres;99 años;Tasa de mortalidad;2023;360,747336
Hombres;99 años;Promedio de años vividos el último año de vida;2023;0,460031
Hombres;99 años;Riesgo de muerte;2023;301,933097
Hombres;99 años;Supervivientes;2023;2.851,815695
Hombres;99 años;Defunciones teóricas;2023;861,057546
Hombres;99 años;Población estacionaria;2023;2.386,871529
Hombres;99 años;Tiempo por vivir;2023;5.661,776052
Hombres;99 años;Esperanza de vida;2023;1,985323
Hombres;100 y más años;Tasa de mortalidad;2023;501,685802
Hombres;100 y más años;Promedio de años vividos el último año de vida;2023;1,645054
Hombres;100 y más años;Riesgo de muerte;2023;1.000,000000
Hombres;100 y más años;Supervivientes;2023;1.990,758149
Hombres;100 y más años;Defunciones teóricas;2023;1.990,758149
Hombres;100 y más años;Población estacionaria;2023;3.274,904523
Hombres;100 y más años;Tiempo por vivir;2023;3.274,904523
Hombres;100 y más años;Esperanza de vida;2023;1,645054
Mujeres;0 años;Tasa de mortalidad;2023;2,418681
Mujeres;0 años;Promedio de años vividos el último año de vida;2023;0,129518
Mujeres;0 años;Riesgo de muerte;2023;2,413599
Mujeres;0 años;Supervivientes;2023;100.000,000000
Mujeres;0 años;Defunciones teóricas;2023;241,359933
Mujeres;0 años;Población estacionaria;2023;99.789,900576
Mujeres;0 años;Tiempo por vivir;2023;8.633.905,684100
Mujeres;0 años;Esperanza de vida;2023;86,339057
Mujeres;1 año;Tasa de mortalidad;2023;0,174544
Mujeres;1 año;Promedio de años vividos el último año de vida;2023;0,511384
Mujeres;1 año;Riesgo de muerte;2023;0,174529
Mujeres;1 año;Supervivientes;2023;99.758,640067
Mujeres;1 año;Defunciones teóricas;2023;17,410740
Mujeres;1 año;Población estacionaria;2023;99.750,132901
Mujeres;1 año;Tiempo por vivir;2023;8.534.115,783500
Mujeres;1 año;Esperanza de vida;2023;85,547636
Mujeres;2 años;Tasa de mortalidad;2023;0,105890
Mujeres;2 años;Promedio de años vividos el último año de vida;2023;0,395434
Mujeres;2 años;Riesgo de muerte;2023;0,105884
Mujeres;2 años;Supervivientes;2023;99.741,229327
Mujeres;2 años;Defunciones teóricas;2023;10,560970
Mujeres;2 años;Población estacionaria;2023;99.734,844521
Mujeres;2 años;Tiempo por vivir;2023;8.434.365,650600
Mujeres;2 años;Esperanza de vida;2023;84,562479
Mujeres;3 años;Tasa de mortalidad;2023;0,118520
Mujeres;3 años;Promedio de años vividos el último año de vida;2023;0,476973
Mujeres;3 años;Riesgo de muerte;2023;0,118513
Mujeres;3 años;Supervivientes;2023;99.730,668357
Mujeres;3 años;Defunciones teóricas;2023;11,819349
Mujeres;3 años;Población estacionaria;2023;99.724,486521
Mujeres;3 años;Tiempo por vivir;2023;8.334.630,806100
Mujeres;3 años;Esperanza de vida;2023;83,571392
Mujeres;4 años;Tasa de mortalidad;2023;0,117627
Mujeres;4 años;Promedio de años vividos el último año de vida;2023;0,565878
Mujeres;4 años;Riesgo de muerte;2023;0,117621
Mujeres;4 años;Supervivientes;2023;99.718,849008
Mujeres;4 años;Defunciones teóricas;2023;11,729052
Mujeres;4 años;Población estacionaria;2023;99.713,757168
Mujeres;4 años;Tiempo por vivir;2023;8.234.906,319500
Mujeres;4 años;Esperanza de vida;2023;82,581241
Mujeres;5 años;Tasa de mortalidad;2023;0,111116
Mujeres;5 años;Promedio de años vividos el último año de vida;2023;0,488917
Mujeres;5 años;Riesgo de muerte;2023;0,111110
Mujeres;5 años;Supervivientes;2023;99.707,119956
Mujeres;5 años;Defunciones teóricas;2023;11,078443
Mujeres;5 años;Población estacionaria;2023;99.701,457948
Mujeres;5 años;Tiempo por vivir;2023;8.135.192,562400
Mujeres;5 años;Esperanza de vida;2023;81,590889
Mujeres;6 años;Tasa de mortalidad;2023;0,066832
Mujeres;6 años;Promedio de años vividos el último año de vida;2023;0,384736
Mujeres;6 años;Riesgo de muerte;2023;0,066830
Mujeres;6 años;Supervivientes;2023;99.696,041513
Mujeres;6 años;Defunciones teóricas;2023;6,662643
Mujeres;6 años;Población estacionaria;2023;99.691,942228
Mujeres;6 años;Tiempo por vivir;2023;8.035.491,104400
Mujeres;6 años;Esperanza de vida;2023;80,599901
Mujeres;7 años;Tasa de mortalidad;2023;0,050420
Mujeres;7 años;Promedio de años vividos el último año de vida;2023;0,481445
Mujeres;7 años;Riesgo de muerte;2023;0,050418
Mujeres;7 años;Supervivientes;2023;99.689,378870
Mujeres;7 años;Defunciones teóricas;2023;5,026175
Mujeres;7 años;Población estacionaria;2023;99.686,772520
Mujeres;7 años;Tiempo por vivir;2023;7.935.799,162200
Mujeres;7 años;Esperanza de vida;2023;79,605262
Mujeres;8 años;Tasa de mortalidad;2023;0,080750
Mujeres;8 años;Promedio de años vividos el último año de vida;2023;0,453881
Mujeres;8 años;Riesgo de muerte;2023;0,080746
Mujeres;8 años;Supervivientes;2023;99.684,352695
Mujeres;8 años;Defunciones teóricas;2023;8,049110
Mujeres;8 años;Población estacionaria;2023;99.679,956925
Mujeres;8 años;Tiempo por vivir;2023;7.836.112,389700
Mujeres;8 años;Esperanza de vida;2023;78,609252
Mujeres;9 años;Tasa de mortalidad;2023;0,071467
Mujeres;9 años;Promedio de años vividos el último año de vida;2023;0,399829
Mujeres;9 años;Riesgo de muerte;2023;0,071464
Mujeres;9 años;Supervivientes;2023;99.676,303585
Mujeres;9 años;Defunciones teóricas;2023;7,123284
Mujeres;9 años;Población estacionaria;2023;99.672,028395
Mujeres;9 años;Tiempo por vivir;2023;7.736.432,432700
Mujeres;9 años;Esperanza de vida;2023;77,615563
Mujeres;10 años;Tasa de mortalidad;2023;0,056714
Mujeres;10 años;Promedio de años vividos el último año de vida;2023;0,519073
Mujeres;10 años;Riesgo de muerte;2023;0,056712
Mujeres;10 años;Supervivientes;2023;99.669,180301
Mujeres;10 años;Defunciones teóricas;2023;5,652478
Mujeres;10 años;Población estacionaria;2023;99.666,461870
Mujeres;10 años;Tiempo por vivir;2023;7.636.760,404300
Mujeres;10 años;Esperanza de vida;2023;76,621082
Mujeres;11 años;Tasa de mortalidad;2023;0,050375
Mujeres;11 años;Promedio de años vividos el último año de vida;2023;0,310731
Mujeres;11 años;Riesgo de muerte;2023;0,050373
Mujeres;11 años;Supervivientes;2023;99.663,527823
Mujeres;11 años;Defunciones teóricas;2023;5,020393
Mujeres;11 años;Población estacionaria;2023;99.660,067420
Mujeres;11 años;Tiempo por vivir;2023;7.537.093,942500
Mujeres;11 años;Esperanza de vida;2023;75,625398
Mujeres;12 años;Tasa de mortalidad;2023;0,069638
Mujeres;12 años;Promedio de años vividos el último año de vida;2023;0,405963
Mujeres;12 años;Riesgo de muerte;2023;0,069635
Mujeres;12 años;Supervivientes;2023;99.658,507430
Mujeres;12 años;Defunciones teóricas;2023;6,939758
Mujeres;12 años;Población estacionaria;2023;99.654,384956
Mujeres;12 años;Tiempo por vivir;2023;7.437.433,875100
Mujeres;12 años;Esperanza de vida;2023;74,629192
Mujeres;13 años;Tasa de mortalidad;2023;0,068363
Mujeres;13 años;Promedio de años vividos el último año de vida;2023;0,552458
Mujeres;13 años;Riesgo de muerte;2023;0,068361
Mujeres;13 años;Supervivientes;2023;99.651,567672
Mujeres;13 años;Defunciones teóricas;2023;6,812278
Mujeres;13 años;Población estacionaria;2023;99.648,518889
Mujeres;13 años;Tiempo por vivir;2023;7.337.779,490100
Mujeres;13 años;Esperanza de vida;2023;73,634361
Mujeres;14 años;Tasa de mortalidad;2023;0,097678
Mujeres;14 años;Promedio de años vividos el último año de vida;2023;0,554630
Mujeres;14 años;Riesgo de muerte;2023;0,097674
Mujeres;14 años;Supervivientes;2023;99.644,755394
Mujeres;14 años;Defunciones teóricas;2023;9,732702
Mujeres;14 años;Población estacionaria;2023;99.640,420742
Mujeres;14 años;Tiempo por vivir;2023;7.238.130,971200
Mujeres;14 años;Esperanza de vida;2023;72,639357
Mujeres;15 años;Tasa de mortalidad;2023;0,066079
Mujeres;15 años;Promedio de años vividos el último año de vida;2023;0,422240
Mujeres;15 años;Riesgo de muerte;2023;0,066076
Mujeres;15 años;Supervivientes;2023;99.635,022692
Mujeres;15 años;Defunciones teóricas;2023;6,583531
Mujeres;15 años;Población estacionaria;2023;99.631,218992
Mujeres;15 años;Tiempo por vivir;2023;7.138.490,550500
Mujeres;15 años;Esperanza de vida;2023;71,646399
Mujeres;16 años;Tasa de mortalidad;2023;0,099078
Mujeres;16 años;Promedio de años vividos el último año de vida;2023;0,503123
Mujeres;16 años;Riesgo de muerte;2023;0,099074
Mujeres;16 años;Supervivientes;2023;99.628,439161
Mujeres;16 años;Defunciones teóricas;2023;9,870539
Mujeres;16 años;Población estacionaria;2023;99.623,534720
Mujeres;16 años;Tiempo por vivir;2023;7.038.859,331500
Mujeres;16 años;Esperanza de vida;2023;70,651105
Mujeres;17 años;Tasa de mortalidad;2023;0,144093
Mujeres;17 años;Promedio de años vividos el último año de vida;2023;0,485236
Mujeres;17 años;Riesgo de muerte;2023;0,144082
Mujeres;17 años;Supervivientes;2023;99.618,568622
Mujeres;17 años;Defunciones teóricas;2023;14,353289
Mujeres;17 años;Población estacionaria;2023;99.611,180064
Mujeres;17 años;Tiempo por vivir;2023;6.939.235,796800
Mujeres;17 años;Esperanza de vida;2023;69,658056
Mujeres;18 años;Tasa de mortalidad;2023;0,144218
Mujeres;18 años;Promedio de años vividos el último año de vida;2023;0,558828
Mujeres;18 años;Riesgo de muerte;2023;0,144209
Mujeres;18 años;Supervivientes;2023;99.604,215333
Mujeres;18 años;Defunciones teóricas;2023;14,363804
Mujeres;18 años;Población estacionaria;2023;99.597,878425
Mujeres;18 años;Tiempo por vivir;2023;6.839.624,616700
Mujeres;18 años;Esperanza de vida;2023;68,668024
Mujeres;19 años;Tasa de mortalidad;2023;0,179197
Mujeres;19 años;Promedio de años vividos el último año de vida;2023;0,475312
Mujeres;19 años;Riesgo de muerte;2023;0,179180
Mujeres;19 años;Supervivientes;2023;99.589,851529
Mujeres;19 años;Defunciones teóricas;2023;17,844513
Mujeres;19 años;Población estacionaria;2023;99.580,488727
Mujeres;19 años;Tiempo por vivir;2023;6.740.026,738300
Mujeres;19 años;Esperanza de vida;2023;67,677847
Mujeres;20 años;Tasa de mortalidad;2023;0,145153
Mujeres;20 años;Promedio de años vividos el último año de vida;2023;0,548630
Mujeres;20 años;Riesgo de muerte;2023;0,145143
Mujeres;20 años;Supervivientes;2023;99.572,007016
Mujeres;20 años;Defunciones teóricas;2023;14,452211
Mujeres;20 años;Población estacionaria;2023;99.565,483723
Mujeres;20 años;Tiempo por vivir;2023;6.640.446,249500
Mujeres;20 años;Esperanza de vida;2023;66,689891
Mujeres;21 años;Tasa de mortalidad;2023;0,126263
Mujeres;21 años;Promedio de años vividos el último año de vida;2023;0,530181
Mujeres;21 años;Riesgo de muerte;2023;0,126255
Mujeres;21 años;Supervivientes;2023;99.557,554804
Mujeres;21 años;Defunciones teóricas;2023;12,569666
Mujeres;21 años;Población estacionaria;2023;99.551,649339
Mujeres;21 años;Tiempo por vivir;2023;6.540.880,765800
Mujeres;21 años;Esperanza de vida;2023;65,699492
Mujeres;22 años;Tasa de mortalidad;2023;0,160960
Mujeres;22 años;Promedio de años vividos el último año de vida;2023;0,436644
Mujeres;22 años;Riesgo de muerte;2023;0,160946
Mujeres;22 años;Supervivientes;2023;99.544,985139
Mujeres;22 años;Defunciones teóricas;2023;16,021340
Mujeres;22 años;Población estacionaria;2023;99.535,959418
Mujeres;22 años;Tiempo por vivir;2023;6.441.329,116500
Mujeres;22 años;Esperanza de vida;2023;64,707721
Mujeres;23 años;Tasa de mortalidad;2023;0,132093
Mujeres;23 años;Promedio de años vividos el último año de vida;2023;0,504525
Mujeres;23 años;Riesgo de muerte;2023;0,132084
Mujeres;23 años;Supervivientes;2023;99.528,963799
Mujeres;23 años;Defunciones teóricas;2023;13,146184
Mujeres;23 años;Población estacionaria;2023;99.522,450190
Mujeres;23 años;Tiempo por vivir;2023;6.341.793,157100
Mujeres;23 años;Esperanza de vida;2023;63,718067
Mujeres;24 años;Tasa de mortalidad;2023;0,154044
Mujeres;24 años;Promedio de años vividos el último año de vida;2023;0,564960
Mujeres;24 años;Riesgo de muerte;2023;0,154034
Mujeres;24 años;Supervivientes;2023;99.515,817615
Mujeres;24 años;Defunciones teóricas;2023;15,328789
Mujeres;24 años;Población estacionaria;2023;99.509,148984
Mujeres;24 años;Tiempo por vivir;2023;6.242.270,706900
Mujeres;24 años;Esperanza de vida;2023;62,726417
Mujeres;25 años;Tasa de mortalidad;2023;0,185451
Mujeres;25 años;Promedio de años vividos el último año de vida;2023;0,502263
Mujeres;25 años;Riesgo de muerte;2023;0,185434
Mujeres;25 años;Supervivientes;2023;99.500,488826
Mujeres;25 años;Defunciones teóricas;2023;18,450748
Mujeres;25 años;Población estacionaria;2023;99.491,305211
Mujeres;25 años;Tiempo por vivir;2023;6.142.761,557900
Mujeres;25 años;Esperanza de vida;2023;61,735994
Mujeres;26 años;Tasa de mortalidad;2023;0,182457
Mujeres;26 años;Promedio de años vividos el último año de vida;2023;0,524717
Mujeres;26 años;Riesgo de muerte;2023;0,182441
Mujeres;26 años;Supervivientes;2023;99.482,038078
Mujeres;26 años;Defunciones teóricas;2023;18,149605
Mujeres;26 años;Población estacionaria;2023;99.473,411881
Mujeres;26 años;Tiempo por vivir;2023;6.043.270,252700
Mujeres;26 años;Esperanza de vida;2023;60,747351
Mujeres;27 años;Tasa de mortalidad;2023;0,157716
Mujeres;27 años;Promedio de años vividos el último año de vida;2023;0,476096
Mujeres;27 años;Riesgo de muerte;2023;0,157703
Mujeres;27 años;Supervivientes;2023;99.463,888473
Mujeres;27 años;Defunciones teóricas;2023;15,685759
Mujeres;27 años;Población estacionaria;2023;99.455,670639
Mujeres;27 años;Tiempo por vivir;2023;5.943.796,840800
Mujeres;27 años;Esperanza de vida;2023;59,758340
Mujeres;28 años;Tasa de mortalidad;2023;0,170908
Mujeres;28 años;Promedio de años vividos el último año de vida;2023;0,458032
Mujeres;28 años;Riesgo de muerte;2023;0,170892
Mujeres;28 años;Supervivientes;2023;99.448,202714
Mujeres;28 años;Defunciones teóricas;2023;16,994890
Mujeres;28 años;Población estacionaria;2023;99.438,992033
Mujeres;28 años;Tiempo por vivir;2023;5.844.341,170200
Mujeres;28 años;Esperanza de vida;2023;58,767690
Mujeres;29 años;Tasa de mortalidad;2023;0,189306
Mujeres;29 años;Promedio de años vividos el último año de vida;2023;0,523507
Mujeres;29 años;Riesgo de muerte;2023;0,189289
Mujeres;29 años;Supervivientes;2023;99.431,207823
Mujeres;29 años;Defunciones teóricas;2023;18,821238
Mujeres;29 años;Población estacionaria;2023;99.422,239632
Mujeres;29 años;Tiempo por vivir;2023;5.744.902,178100
Mujeres;29 años;Esperanza de vida;2023;57,777657
Mujeres;30 años;Tasa de mortalidad;2023;0,187334
Mujeres;30 años;Promedio de años vividos el último año de vida;2023;0,533280
Mujeres;30 años;Riesgo de muerte;2023;0,187317
Mujeres;30 años;Supervivientes;2023;99.412,386585
Mujeres;30 años;Defunciones teóricas;2023;18,621653
Mujeres;30 años;Población estacionaria;2023;99.403,695480
Mujeres;30 años;Tiempo por vivir;2023;5.645.479,938500
Mujeres;30 años;Esperanza de vida;2023;56,788496
Mujeres;31 años;Tasa de mortalidad;2023;0,206543
Mujeres;31 años;Promedio de años vividos el último año de vida;2023;0,516991
Mujeres;31 años;Riesgo de muerte;2023;0,206523
Mujeres;31 años;Supervivientes;2023;99.393,764932
Mujeres;31 años;Defunciones teóricas;2023;20,527074
Mujeres;31 años;Población estacionaria;2023;99.383,850173
Mujeres;31 años;Tiempo por vivir;2023;5.546.076,243000
Mujeres;31 años;Esperanza de vida;2023;55,799036
Mujeres;32 años;Tasa de mortalidad;2023;0,237779
Mujeres;32 años;Promedio de años vividos el último año de vida;2023;0,509797
Mujeres;32 años;Riesgo de muerte;2023;0,237751
Mujeres;32 años;Supervivientes;2023;99.373,237858
Mujeres;32 años;Defunciones teóricas;2023;23,626073
Mujeres;32 años;Población estacionaria;2023;99.361,656277
Mujeres;32 años;Tiempo por vivir;2023;5.446.692,392800
Mujeres;32 años;Esperanza de vida;2023;54,810455
Mujeres;33 años;Tasa de mortalidad;2023;0,293349
Mujeres;33 años;Promedio de años vividos el último año de vida;2023;0,460835
Mujeres;33 años;Riesgo de muerte;2023;0,293303
Mujeres;33 años;Supervivientes;2023;99.349,611785
Mujeres;33 años;Defunciones teóricas;2023;29,139544
Mujeres;33 años;Población estacionaria;2023;99.333,900766
Mujeres;33 años;Tiempo por vivir;2023;5.347.330,736600
Mujeres;33 años;Esperanza de vida;2023;53,823368
Mujeres;34 años;Tasa de mortalidad;2023;0,291281
Mujeres;34 años;Promedio de años vividos el último año de vida;2023;0,464808
Mujeres;34 años;Riesgo de muerte;2023;0,291235
Mujeres;34 años;Supervivientes;2023;99.320,472241
Mujeres;34 años;Defunciones teóricas;2023;28,925630
Mujeres;34 años;Población estacionaria;2023;99.304,991463
Mujeres;34 años;Tiempo por vivir;2023;5.247.996,835800
Mujeres;34 años;Esperanza de vida;2023;52,839024
Mujeres;35 años;Tasa de mortalidad;2023;0,269787
Mujeres;35 años;Promedio de años vividos el último año de vida;2023;0,507508
Mujeres;35 años;Riesgo de muerte;2023;0,269751
Mujeres;35 años;Supervivientes;2023;99.291,546612
Mujeres;35 años;Defunciones teóricas;2023;26,783999
Mujeres;35 años;Población estacionaria;2023;99.278,355713
Mujeres;35 años;Tiempo por vivir;2023;5.148.691,844300
Mujeres;35 años;Esperanza de vida;2023;51,854282
Mujeres;36 años;Tasa de mortalidad;2023;0,368138
Mujeres;36 años;Promedio de años vividos el último año de vida;2023;0,478705
Mujeres;36 años;Riesgo de muerte;2023;0,368067
Mujeres;36 años;Supervivientes;2023;99.264,762612
Mujeres;36 años;Defunciones teóricas;2023;36,536127
Mujeres;36 años;Población estacionaria;2023;99.245,716507
Mujeres;36 años;Tiempo por vivir;2023;5.049.413,488600
Mujeres;36 años;Esperanza de vida;2023;50,868136
Mujeres;37 años;Tasa de mortalidad;2023;0,361460
Mujeres;37 años;Promedio de años vividos el último año de vida;2023;0,534617
Mujeres;37 años;Riesgo de muerte;2023;0,361399
Mujeres;37 años;Supervivientes;2023;99.228,226485
Mujeres;37 años;Defunciones teóricas;2023;35,861006
Mujeres;37 años;Población estacionaria;2023;99.211,537376
Mujeres;37 años;Tiempo por vivir;2023;4.950.167,772100
Mujeres;37 años;Esperanza de vida;2023;49,886690
Mujeres;38 años;Tasa de mortalidad;2023;0,388040
Mujeres;38 años;Promedio de años vividos el último año de vida;2023;0,475576
Mujeres;38 años;Riesgo de muerte;2023;0,387961
Mujeres;38 años;Supervivientes;2023;99.192,365479
Mujeres;38 años;Defunciones teóricas;2023;38,482808
Mujeres;38 años;Población estacionaria;2023;99.172,184184
Mujeres;38 años;Tiempo por vivir;2023;4.850.956,234700
Mujeres;38 años;Esperanza de vida;2023;48,904532
Mujeres;39 años;Tasa de mortalidad;2023;0,406259
Mujeres;39 años;Promedio de años vividos el último año de vida;2023;0,516366
Mujeres;39 años;Riesgo de muerte;2023;0,406179
Mujeres;39 años;Supervivientes;2023;99.153,882671
Mujeres;39 años;Defunciones teóricas;2023;40,274263
Mujeres;39 años;Población estacionaria;2023;99.134,404679
Mujeres;39 años;Tiempo por vivir;2023;4.751.784,050600
Mujeres;39 años;Esperanza de vida;2023;47,923328
Mujeres;40 años;Tasa de mortalidad;2023;0,475770
Mujeres;40 años;Promedio de años vividos el último año de vida;2023;0,510096
Mujeres;40 años;Riesgo de muerte;2023;0,475659
Mujeres;40 años;Supervivientes;2023;99.113,608408
Mujeres;40 años;Defunciones teóricas;2023;47,144315
Mujeres;40 años;Población estacionaria;2023;99.090,512238
Mujeres;40 años;Tiempo por vivir;2023;4.652.649,645900
Mujeres;40 años;Esperanza de vida;2023;46,942592
Mujeres;41 años;Tasa de mortalidad;2023;0,585427
Mujeres;41 años;Promedio de años vividos el último año de vida;2023;0,515292
Mujeres;41 años;Riesgo de muerte;2023;0,585261
Mujeres;41 años;Supervivientes;2023;99.066,464093
Mujeres;41 años;Defunciones teóricas;2023;57,979731
Mujeres;41 años;Población estacionaria;2023;99.038,360878
Mujeres;41 años;Tiempo por vivir;2023;4.553.559,133600
Mujeres;41 años;Esperanza de vida;2023;45,964688
Mujeres;42 años;Tasa de mortalidad;2023;0,611844
Mujeres;42 años;Promedio de años vividos el último año de vida;2023;0,460698
Mujeres;42 años;Riesgo de muerte;2023;0,611643
Mujeres;42 años;Supervivientes;2023;99.008,484362
Mujeres;42 años;Defunciones teóricas;2023;60,557813
Mujeres;42 años;Población estacionaria;2023;98.975,825429
Mujeres;42 años;Tiempo por vivir;2023;4.454.520,772800
Mujeres;42 años;Esperanza de vida;2023;44,991304
Mujeres;43 años;Tasa de mortalidad;2023;0,623099
Mujeres;43 años;Promedio de años vividos el último año de vida;2023;0,502728
Mujeres;43 años;Riesgo de muerte;2023;0,622906
Mujeres;43 años;Supervivientes;2023;98.947,926550
Mujeres;43 años;Defunciones teóricas;2023;61,635298
Mujeres;43 años;Población estacionaria;2023;98.917,277055
Mujeres;43 años;Tiempo por vivir;2023;4.355.544,947300
Mujeres;43 años;Esperanza de vida;2023;44,018557
Mujeres;44 años;Tasa de mortalidad;2023;0,746672
Mujeres;44 años;Promedio de años vividos el último año de vida;2023;0,519448
Mujeres;44 años;Riesgo de muerte;2023;0,746404
Mujeres;44 años;Supervivientes;2023;98.886,291251
Mujeres;44 años;Defunciones teóricas;2023;73,809092
Mujeres;44 años;Población estacionaria;2023;98.850,822169
Mujeres;44 años;Tiempo por vivir;2023;4.256.627,670300
Mujeres;44 años;Esperanza de vida;2023;43,045680
Mujeres;45 años;Tasa de mortalidad;2023;0,713221
Mujeres;45 años;Promedio de años vividos el último año de vida;2023;0,497800
Mujeres;45 años;Riesgo de muerte;2023;0,712966
Mujeres;45 años;Supervivientes;2023;98.812,482159
Mujeres;45 años;Defunciones teóricas;2023;70,449901
Mujeres;45 años;Población estacionaria;2023;98.777,102193
Mujeres;45 años;Tiempo por vivir;2023;4.157.776,848100
Mujeres;45 años;Esperanza de vida;2023;42,077446
Mujeres;46 años;Tasa de mortalidad;2023;0,856644
Mujeres;46 años;Promedio de años vividos el último año de vida;2023;0,519206
Mujeres;46 años;Riesgo de muerte;2023;0,856291
Mujeres;46 años;Supervivientes;2023;98.742,032259
Mujeres;46 años;Defunciones teóricas;2023;84,551956
Mujeres;46 años;Población estacionaria;2023;98.701,380148
Mujeres;46 años;Tiempo por vivir;2023;4.058.999,745900
Mujeres;46 años;Esperanza de vida;2023;41,107112
Mujeres;47 años;Tasa de mortalidad;2023;0,964385
Mujeres;47 años;Promedio de años vividos el último año de vida;2023;0,516703
Mujeres;47 años;Riesgo de muerte;2023;0,963936
Mujeres;47 años;Supervivientes;2023;98.657,480303
Mujeres;47 años;Defunciones teóricas;2023;95,099471
Mujeres;47 años;Población estacionaria;2023;98.611,518975
Mujeres;47 años;Tiempo por vivir;2023;3.960.298,365800
Mujeres;47 años;Esperanza de vida;2023;40,141897
Mujeres;48 años;Tasa de mortalidad;2023;1,074473
Mujeres;48 años;Promedio de años vividos el último año de vida;2023;0,493459
Mujeres;48 años;Riesgo de muerte;2023;1,073888
Mujeres;48 años;Supervivientes;2023;98.562,380831
Mujeres;48 años;Defunciones teóricas;2023;105,844973
Mujeres;48 años;Población estacionaria;2023;98.508,766044
Mujeres;48 años;Tiempo por vivir;2023;3.861.686,846800
Mujeres;48 años;Esperanza de vida;2023;39,180130
Mujeres;49 años;Tasa de mortalidad;2023;1,225439
Mujeres;49 años;Promedio de años vividos el último año de vida;2023;0,503385
Mujeres;49 años;Riesgo de muerte;2023;1,224694
Mujeres;49 años;Supervivientes;2023;98.456,535858
Mujeres;49 años;Defunciones teóricas;2023;120,579130
Mujeres;49 años;Población estacionaria;2023;98.396,654496
Mujeres;49 años;Tiempo por vivir;2023;3.763.178,080700
Mujeres;49 años;Esperanza de vida;2023;38,221719
Mujeres;50 años;Tasa de mortalidad;2023;1,221665
Mujeres;50 años;Promedio de años vividos el último año de vida;2023;0,502279
Mujeres;50 años;Riesgo de muerte;2023;1,220923
Mujeres;50 años;Supervivientes;2023;98.335,956728
Mujeres;50 años;Defunciones teóricas;2023;120,060637
Mujeres;50 años;Población estacionaria;2023;98.276,200062
Mujeres;50 años;Tiempo por vivir;2023;3.664.781,426200
Mujeres;50 años;Esperanza de vida;2023;37,267969
Mujeres;51 años;Tasa de mortalidad;2023;1,473408
Mujeres;51 años;Promedio de años vividos el último año de vida;2023;0,509033
Mujeres;51 años;Riesgo de muerte;2023;1,472343
Mujeres;51 años;Supervivientes;2023;98.215,896090
Mujeres;51 años;Defunciones teóricas;2023;144,607486
Mujeres;51 años;Población estacionaria;2023;98.144,898649
Mujeres;51 años;Tiempo por vivir;2023;3.566.505,226200
Mujeres;51 años;Esperanza de vida;2023;36,312912
Mujeres;52 años;Tasa de mortalidad;2023;1,587148
Mujeres;52 años;Promedio de años vividos el último año de vida;2023;0,522245
Mujeres;52 años;Riesgo de muerte;2023;1,585946
Mujeres;52 años;Supervivientes;2023;98.071,288604
Mujeres;52 años;Defunciones teóricas;2023;155,535741
Mujeres;52 años;Población estacionaria;2023;97.996,980633
Mujeres;52 años;Tiempo por vivir;2023;3.468.360,327500
Mujeres;52 años;Esperanza de vida;2023;35,365706
Mujeres;53 años;Tasa de mortalidad;2023;1,865463
Mujeres;53 años;Promedio de años vividos el último año de vida;2023;0,515508
Mujeres;53 años;Riesgo de muerte;2023;1,863779
Mujeres;53 años;Supervivientes;2023;97.915,752863
Mujeres;53 años;Defunciones teóricas;2023;182,493308
Mujeres;53 años;Población estacionaria;2023;97.827,336247
Mujeres;53 años;Tiempo por vivir;2023;3.370.363,346900
Mujeres;53 años;Esperanza de vida;2023;34,421053
Mujeres;54 años;Tasa de mortalidad;2023;1,951902
Mujeres;54 años;Promedio de años vividos el último año de vida;2023;0,500006
Mujeres;54 años;Riesgo de muerte;2023;1,949998
Mujeres;54 años;Supervivientes;2023;97.733,259555
Mujeres;54 años;Defunciones teóricas;2023;190,579704
Mujeres;54 años;Población estacionaria;2023;97.637,970774
Mujeres;54 años;Tiempo por vivir;2023;3.272.536,010700
Mujeres;54 años;Esperanza de vida;2023;33,484364
Mujeres;55 años;Tasa de mortalidad;2023;2,336673
Mujeres;55 años;Promedio de años vividos el último año de vida;2023;0,502719
Mujeres;55 años;Riesgo de muerte;2023;2,333961
Mujeres;55 años;Supervivientes;2023;97.542,679850
Mujeres;55 años;Defunciones teóricas;2023;227,660829
Mujeres;55 años;Población estacionaria;2023;97.429,468531
Mujeres;55 años;Tiempo por vivir;2023;3.174.898,039900
Mujeres;55 años;Esperanza de vida;2023;32,548809
Mujeres;56 años;Tasa de mortalidad;2023;2,333320
Mujeres;56 años;Promedio de años vividos el último año de vida;2023;0,501595
Mujeres;56 años;Riesgo de muerte;2023;2,330609
Mujeres;56 años;Supervivientes;2023;97.315,019021
Mujeres;56 años;Defunciones teóricas;2023;226,803295
Mujeres;56 años;Población estacionaria;2023;97.201,979067
Mujeres;56 años;Tiempo por vivir;2023;3.077.468,571400
Mujeres;56 años;Esperanza de vida;2023;31,623778
Mujeres;57 años;Tasa de mortalidad;2023;2,731702
Mujeres;57 años;Promedio de años vividos el último año de vida;2023;0,508574
Mujeres;57 años;Riesgo de muerte;2023;2,728040
Mujeres;57 años;Supervivientes;2023;97.088,215726
Mujeres;57 años;Defunciones teóricas;2023;264,860544
Mujeres;57 años;Población estacionaria;2023;96.958,056375
Mujeres;57 años;Tiempo por vivir;2023;2.980.266,592300
Mujeres;57 años;Esperanza de vida;2023;30,696481
Mujeres;58 años;Tasa de mortalidad;2023;2,914876
Mujeres;58 años;Promedio de años vividos el último año de vida;2023;0,506250
Mujeres;58 años;Riesgo de muerte;2023;2,910687
Mujeres;58 años;Supervivientes;2023;96.823,355183
Mujeres;58 años;Defunciones teóricas;2023;281,822490
Mujeres;58 años;Población estacionaria;2023;96.684,205464
Mujeres;58 años;Tiempo por vivir;2023;2.883.308,535900
Mujeres;58 años;Esperanza de vida;2023;29,779060
Mujeres;59 años;Tasa de mortalidad;2023;3,273212
Mujeres;59 años;Promedio de años vividos el último año de vida;2023;0,508438
Mujeres;59 años;Riesgo de muerte;2023;3,267954
Mujeres;59 años;Supervivientes;2023;96.541,532693
Mujeres;59 años;Defunciones teóricas;2023;315,493275
Mujeres;59 años;Población estacionaria;2023;96.386,448049
Mujeres;59 años;Tiempo por vivir;2023;2.786.624,330400
Mujeres;59 años;Esperanza de vida;2023;28,864513
Mujeres;60 años;Tasa de mortalidad;2023;3,373943
Mujeres;60 años;Promedio de años vividos el último año de vida;2023;0,505418
Mujeres;60 años;Riesgo de muerte;2023;3,368322
Mujeres;60 años;Supervivientes;2023;96.226,039418
Mujeres;60 años;Defunciones teóricas;2023;324,120275
Mujeres;60 años;Población estacionaria;2023;96.065,735344
Mujeres;60 años;Tiempo por vivir;2023;2.690.237,882400
Mujeres;60 años;Esperanza de vida;2023;27,957483
Mujeres;61 años;Tasa de mortalidad;2023;3,807484
Mujeres;61 años;Promedio de años vividos el último año de vida;2023;0,501322
Mujeres;61 años;Riesgo de muerte;2023;3,800269
Mujeres;61 años;Supervivientes;2023;95.901,919143
Mujeres;61 años;Defunciones teóricas;2023;364,453081
Mujeres;61 años;Población estacionaria;2023;95.720,174557
Mujeres;61 años;Tiempo por vivir;2023;2.594.172,147100
Mujeres;61 años;Esperanza de vida;2023;27,050263
Mujeres;62 años;Tasa de mortalidad;2023;4,298668
Mujeres;62 años;Promedio de años vividos el último año de vida;2023;0,512106
Mujeres;62 años;Riesgo de muerte;2023;4,289671
Mujeres;62 años;Supervivientes;2023;95.537,466062
Mujeres;62 años;Defunciones teóricas;2023;409,824298
Mujeres;62 años;Población estacionaria;2023;95.337,515418
Mujeres;62 años;Tiempo por vivir;2023;2.498.451,972500
Mujeres;62 años;Esperanza de vida;2023;26,151541
Mujeres;63 años;Tasa de mortalidad;2023;4,686997
Mujeres;63 años;Promedio de años vividos el último año de vida;2023;0,507692
Mujeres;63 años;Riesgo de muerte;2023;4,676207
Mujeres;63 años;Supervivientes;2023;95.127,641765
Mujeres;63 años;Defunciones teóricas;2023;444,836564
Mujeres;63 años;Población estacionaria;2023;94.908,645056
Mujeres;63 años;Tiempo por vivir;2023;2.403.114,457100
Mujeres;63 años;Esperanza de vida;2023;25,262000
Mujeres;64 años;Tasa de mortalidad;2023;4,820762
Mujeres;64 años;Promedio de años vividos el último año de vida;2023;0,500797
Mujeres;64 años;Riesgo de muerte;2023;4,809188
Mujeres;64 años;Supervivientes;2023;94.682,805201
Mujeres;64 años;Defunciones teóricas;2023;455,347456
Mujeres;64 años;Población estacionaria;2023;94.455,494584
Mujeres;64 años;Tiempo por vivir;2023;2.308.205,812000
Mujeres;64 años;Esperanza de vida;2023;24,378300
Mujeres;65 años;Tasa de mortalidad;2023;5,237203
Mujeres;65 años;Promedio de años vividos el último año de vida;2023;0,517433
Mujeres;65 años;Riesgo de muerte;2023;5,224000
Mujeres;65 años;Supervivientes;2023;94.227,457745
Mujeres;65 años;Defunciones teóricas;2023;492,244240
Mujeres;65 años;Población estacionaria;2023;93.989,916842
Mujeres;65 años;Tiempo por vivir;2023;2.213.750,317400
Mujeres;65 años;Esperanza de vida;2023;23,493686
Mujeres;66 años;Tasa de mortalidad;2023;5,552516
Mujeres;66 años;Promedio de años vividos el último año de vida;2023;0,500857
Mujeres;66 años;Riesgo de muerte;2023;5,537170
Mujeres;66 años;Supervivientes;2023;93.735,213504
Mujeres;66 años;Defunciones teóricas;2023;519,027767
Mujeres;66 años;Población estacionaria;2023;93.476,144376
Mujeres;66 años;Tiempo por vivir;2023;2.119.760,400600
Mujeres;66 años;Esperanza de vida;2023;22,614344
Mujeres;67 años;Tasa de mortalidad;2023;6,484095
Mujeres;67 años;Promedio de años vividos el último año de vida;2023;0,494388
Mujeres;67 años;Riesgo de muerte;2023;6,462907
Mujeres;67 años;Supervivientes;2023;93.216,185738
Mujeres;67 años;Defunciones teóricas;2023;602,447558
Mujeres;67 años;Población estacionaria;2023;92.911,580952
Mujeres;67 años;Tiempo por vivir;2023;2.026.284,256200
Mujeres;67 años;Esperanza de vida;2023;21,737472
Mujeres;68 años;Tasa de mortalidad;2023;6,924542
Mujeres;68 años;Promedio de años vividos el último año de vida;2023;0,500514
Mujeres;68 años;Riesgo de muerte;2023;6,900674
Mujeres;68 años;Supervivientes;2023;92.613,738180
Mujeres;68 años;Defunciones teóricas;2023;639,097261
Mujeres;68 años;Población estacionaria;2023;92.294,518207
Mujeres;68 años;Tiempo por vivir;2023;1.933.372,675300
Mujeres;68 años;Esperanza de vida;2023;20,875657
Mujeres;69 años;Tasa de mortalidad;2023;7,394012
Mujeres;69 años;Promedio de años vividos el último año de vida;2023;0,494538
Mujeres;69 años;Riesgo de muerte;2023;7,366480
Mujeres;69 años;Supervivientes;2023;91.974,640919
Mujeres;69 años;Defunciones teóricas;2023;677,529370
Mujeres;69 años;Población estacionaria;2023;91.632,175322
Mujeres;69 años;Tiempo por vivir;2023;1.841.078,157100
Mujeres;69 años;Esperanza de vida;2023;20,017237
Mujeres;70 años;Tasa de mortalidad;2023;7,938272
Mujeres;70 años;Promedio de años vividos el último año de vida;2023;0,506040
Mujeres;70 años;Riesgo de muerte;2023;7,907266
Mujeres;70 años;Supervivientes;2023;91.297,111549
Mujeres;70 años;Defunciones teóricas;2023;721,910576
Mujeres;70 años;Población estacionaria;2023;90.940,516405
Mujeres;70 años;Tiempo por vivir;2023;1.749.445,981700
Mujeres;70 años;Esperanza de vida;2023;19,162118
Mujeres;71 años;Tasa de mortalidad;2023;8,520600
Mujeres;71 años;Promedio de años vividos el último año de vida;2023;0,503019
Mujeres;71 años;Riesgo de muerte;2023;8,484671
Mujeres;71 años;Supervivientes;2023;90.575,200973
Mujeres;71 años;Defunciones teóricas;2023;768,500762
Mujeres;71 años;Población estacionaria;2023;90.193,270613
Mujeres;71 años;Tiempo por vivir;2023;1.658.505,465300
Mujeres;71 años;Esperanza de vida;2023;18,310812
Mujeres;72 años;Tasa de mortalidad;2023;9,360502
Mujeres;72 años;Promedio de años vividos el último año de vida;2023;0,505443
Mujeres;72 años;Riesgo de muerte;2023;9,317369
Mujeres;72 años;Supervivientes;2023;89.806,700210
Mujeres;72 años;Defunciones teóricas;2023;836,762176
Mujeres;72 años;Población estacionaria;2023;89.392,874011
Mujeres;72 años;Tiempo por vivir;2023;1.568.312,194700
Mujeres;72 años;Esperanza de vida;2023;17,463198
Mujeres;73 años;Tasa de mortalidad;2023;10,657427
Mujeres;73 años;Promedio de años vividos el último año de vida;2023;0,506621
Mujeres;73 años;Riesgo de muerte;2023;10,601682
Mujeres;73 años;Supervivientes;2023;88.969,938035
Mujeres;73 años;Defunciones teóricas;2023;943,230968
Mujeres;73 años;Población estacionaria;2023;88.504,567431
Mujeres;73 años;Tiempo por vivir;2023;1.478.919,320700
Mujeres;73 años;Esperanza de vida;2023;16,622686
Mujeres;74 años;Tasa de mortalidad;2023;12,192888
Mujeres;74 años;Promedio de años vividos el último año de vida;2023;0,509069
Mujeres;74 años;Riesgo de muerte;2023;12,120337
Mujeres;74 años;Supervivientes;2023;88.026,707067
Mujeres;74 años;Defunciones teóricas;2023;1.066,913354
Mujeres;74 años;Población estacionaria;2023;87.502,925696
Mujeres;74 años;Tiempo por vivir;2023;1.390.414,753300
Mujeres;74 años;Esperanza de vida;2023;15,795374
Mujeres;75 años;Tasa de mortalidad;2023;13,280518
Mujeres;75 años;Promedio de años vividos el último año de vida;2023;0,500693
Mujeres;75 años;Riesgo de muerte;2023;13,193034
Mujeres;75 años;Supervivientes;2023;86.959,793713
Mujeres;75 años;Defunciones teóricas;2023;1.147,263538
Mujeres;75 años;Población estacionaria;2023;86.386,956997
Mujeres;75 años;Tiempo por vivir;2023;1.302.911,827600
Mujeres;75 años;Esperanza de vida;2023;14,982922
Mujeres;76 años;Tasa de mortalidad;2023;14,793740
Mujeres;76 años;Promedio de años vividos el último año de vida;2023;0,502939
Mujeres;76 años;Riesgo de muerte;2023;14,685750
Mujeres;76 años;Supervivientes;2023;85.812,530175
Mujeres;76 años;Defunciones teóricas;2023;1.260,221372
Mujeres;76 años;Población estacionaria;2023;85.186,123340
Mujeres;76 años;Tiempo por vivir;2023;1.216.524,870600
Mujeres;76 años;Esperanza de vida;2023;14,176541
Mujeres;77 años;Tasa de mortalidad;2023;17,525433
Mujeres;77 años;Promedio de años vividos el último año de vida;2023;0,510345
Mujeres;77 años;Riesgo de muerte;2023;17,376320
Mujeres;77 años;Supervivientes;2023;84.552,308803
Mujeres;77 años;Defunciones teóricas;2023;1.469,207975
Mujeres;77 años;Población estacionaria;2023;83.832,904436
Mujeres;77 años;Tiempo por vivir;2023;1.131.338,747200
Mujeres;77 años;Esperanza de vida;2023;13,380341
Mujeres;78 años;Tasa de mortalidad;2023;19,965316
Mujeres;78 años;Promedio de años vividos el último año de vida;2023;0,508072
Mujeres;78 años;Riesgo de muerte;2023;19,771134
Mujeres;78 años;Supervivientes;2023;83.083,100828
Mujeres;78 años;Defunciones teóricas;2023;1.642,647148
Mujeres;78 años;Población estacionaria;2023;82.275,037427
Mujeres;78 años;Tiempo por vivir;2023;1.047.505,842800
Mujeres;78 años;Esperanza de vida;2023;12,607929
Mujeres;79 años;Tasa de mortalidad;2023;23,125707
Mujeres;79 años;Promedio de años vividos el último año de vida;2023;0,508245
Mujeres;79 años;Riesgo de muerte;2023;22,865674
Mujeres;79 años;Supervivientes;2023;81.440,453680
Mujeres;79 años;Defunciones teóricas;2023;1.862,190904
Mujeres;79 años;Población estacionaria;2023;80.524,712700
Mujeres;79 años;Tiempo por vivir;2023;965.230,805380
Mujeres;79 años;Esperanza de vida;2023;11,851982
Mujeres;80 años;Tasa de mortalidad;2023;25,548974
Mujeres;80 años;Promedio de años vividos el último año de vida;2023;0,495307
Mujeres;80 años;Riesgo de muerte;2023;25,223729
Mujeres;80 años;Supervivientes;2023;79.578,262776
Mujeres;80 años;Defunciones teóricas;2023;2.007,260563
Mujeres;80 años;Población estacionaria;2023;78.565,211643
Mujeres;80 años;Tiempo por vivir;2023;884.706,092690
Mujeres;80 años;Esperanza de vida;2023;11,117434
Mujeres;81 años;Tasa de mortalidad;2023;29,017213
Mujeres;81 años;Promedio de años vividos el último año de vida;2023;0,501922
Mujeres;81 años;Riesgo de muerte;2023;28,603807
Mujeres;81 años;Supervivientes;2023;77.571,002213
Mujeres;81 años;Defunciones teóricas;2023;2.218,825995
Mujeres;81 años;Población estacionaria;2023;76.465,853522
Mujeres;81 años;Tiempo por vivir;2023;806.140,881040
Mujeres;81 años;Esperanza de vida;2023;10,392297
Mujeres;82 años;Tasa de mortalidad;2023;33,638222
Mujeres;82 años;Promedio de años vividos el último año de vida;2023;0,523350
Mujeres;82 años;Riesgo de muerte;2023;33,107389
Mujeres;82 años;Supervivientes;2023;75.352,176219
Mujeres;82 años;Defunciones teóricas;2023;2.494,713836
Mujeres;82 años;Población estacionaria;2023;74.163,071248
Mujeres;82 años;Tiempo por vivir;2023;729.675,027520
Mujeres;82 años;Esperanza de vida;2023;9,683530
Mujeres;83 años;Tasa de mortalidad;2023;41,271152
Mujeres;83 años;Promedio de años vividos el último año de vida;2023;0,474790
Mujeres;83 años;Riesgo de muerte;2023;40,395537
Mujeres;83 años;Supervivientes;2023;72.857,462383
Mujeres;83 años;Defunciones teóricas;2023;2.943,116285
Mujeres;83 años;Población estacionaria;2023;71.311,706923
Mujeres;83 años;Tiempo por vivir;2023;655.511,956270
Mujeres;83 años;Esperanza de vida;2023;8,997183
Mujeres;84 años;Tasa de mortalidad;2023;47,973107
Mujeres;84 años;Promedio de años vividos el último año de vida;2023;0,512812
Mujeres;84 años;Riesgo de muerte;2023;46,877489
Mujeres;84 años;Supervivientes;2023;69.914,346098
Mujeres;84 años;Defunciones teóricas;2023;3.277,409012
Mujeres;84 años;Población estacionaria;2023;68.317,630731
Mujeres;84 años;Tiempo por vivir;2023;584.200,249350
Mujeres;84 años;Esperanza de vida;2023;8,355942
Mujeres;85 años;Tasa de mortalidad;2023;56,464704
Mujeres;85 años;Promedio de años vividos el último año de vida;2023;0,517900
Mujeres;85 años;Riesgo de muerte;2023;54,968376
Mujeres;85 años;Supervivientes;2023;66.636,937086
Mujeres;85 años;Defunciones teóricas;2023;3.662,924190
Mujeres;85 años;Población estacionaria;2023;64.871,042008
Mujeres;85 años;Tiempo por vivir;2023;515.882,618620
Mujeres;85 años;Esperanza de vida;2023;7,741692
Mujeres;86 años;Tasa de mortalidad;2023;66,139948
Mujeres;86 años;Promedio de años vividos el último año de vida;2023;0,511869
Mujeres;86 años;Riesgo de muerte;2023;64,071404
Mujeres;86 años;Supervivientes;2023;62.974,012896
Mujeres;86 años;Defunciones teóricas;2023;4.034,833402
Mujeres;86 años;Población estacionaria;2023;61.004,484291
Mujeres;86 años;Tiempo por vivir;2023;451.011,576610
Mujeres;86 años;Esperanza de vida;2023;7,161868
Mujeres;87 años;Tasa de mortalidad;2023;74,324533
Mujeres;87 años;Promedio de años vividos el último año de vida;2023;0,504712
Mujeres;87 años;Riesgo de muerte;2023;71,685638
Mujeres;87 años;Supervivientes;2023;58.939,179494
Mujeres;87 años;Defunciones teóricas;2023;4.225,092689
Mujeres;87 años;Población estacionaria;2023;56.846,541856
Mujeres;87 años;Tiempo por vivir;2023;390.007,092320
Mujeres;87 años;Esperanza de vida;2023;6,617111
Mujeres;88 años;Tasa de mortalidad;2023;87,429963
Mujeres;88 años;Promedio de años vividos el último año de vida;2023;0,506352
Mujeres;88 años;Riesgo de muerte;2023;83,812641
Mujeres;88 años;Supervivientes;2023;54.714,086804
Mujeres;88 años;Defunciones teóricas;2023;4.585,732106
Mujeres;88 años;Población estacionaria;2023;52.450,349252
Mujeres;88 años;Tiempo por vivir;2023;333.160,550460
Mujeres;88 años;Esperanza de vida;2023;6,089118
Mujeres;89 años;Tasa de mortalidad;2023;102,238677
Mujeres;89 años;Promedio de años vividos el último año de vida;2023;0,504351
Mujeres;89 años;Riesgo de muerte;2023;97,307665
Mujeres;89 años;Supervivientes;2023;50.128,354698
Mujeres;89 años;Defunciones teóricas;2023;4.877,873148
Mujeres;89 años;Población estacionaria;2023;47.710,644042
Mujeres;89 años;Tiempo por vivir;2023;280.710,201210
Mujeres;89 años;Esperanza de vida;2023;5,599829
Mujeres;90 años;Tasa de mortalidad;2023;119,526506
Mujeres;90 años;Promedio de años vividos el último año de vida;2023;0,500381
Mujeres;90 años;Riesgo de muerte;2023;112,790888
Mujeres;90 años;Supervivientes;2023;45.250,481550
Mujeres;90 años;Defunciones teóricas;2023;5.103,842007
Mujeres;90 años;Población estacionaria;2023;42.700,503803
Mujeres;90 años;Tiempo por vivir;2023;232.999,557170
Mujeres;90 años;Esperanza de vida;2023;5,149107
Mujeres;91 años;Tasa de mortalidad;2023;134,241543
Mujeres;91 años;Promedio de años vividos el último año de vida;2023;0,495440
Mujeres;91 años;Riesgo de muerte;2023;125,725773
Mujeres;91 años;Supervivientes;2023;40.146,639543
Mujeres;91 años;Defunciones teóricas;2023;5.047,467305
Mujeres;91 años;Población estacionaria;2023;37.599,890347
Mujeres;91 años;Tiempo por vivir;2023;190.299,053370
Mujeres;91 años;Esperanza de vida;2023;4,740099
Mujeres;92 años;Tasa de mortalidad;2023;156,169668
Mujeres;92 años;Promedio de años vividos el último año de vida;2023;0,498253
Mujeres;92 años;Riesgo de muerte;2023;144,821780
Mujeres;92 años;Supervivientes;2023;35.099,172238
Mujeres;92 años;Defunciones teóricas;2023;5.083,124605
Mujeres;92 años;Población estacionaria;2023;32.548,731628
Mujeres;92 años;Tiempo por vivir;2023;152.699,163020
Mujeres;92 años;Esperanza de vida;2023;4,350506
Mujeres;93 años;Tasa de mortalidad;2023;172,580217
Mujeres;93 años;Promedio de años vividos el último año de vida;2023;0,492071
Mujeres;93 años;Riesgo de muerte;2023;158,671329
Mujeres;93 años;Supervivientes;2023;30.016,047634
Mujeres;93 años;Defunciones teóricas;2023;4.762,686172
Mujeres;93 años;Población estacionaria;2023;27.596,941608
Mujeres;93 años;Tiempo por vivir;2023;120.150,431390
Mujeres;93 años;Esperanza de vida;2023;4,002873
Mujeres;94 años;Tasa de mortalidad;2023;198,926662
Mujeres;94 años;Promedio de años vividos el último año de vida;2023;0,487203
Mujeres;94 años;Riesgo de muerte;2023;180,512735
Mujeres;94 años;Supervivientes;2023;25.253,361462
Mujeres;94 años;Defunciones teóricas;2023;4.558,553336
Mujeres;94 años;Población estacionaria;2023;22.915,748373
Mujeres;94 años;Tiempo por vivir;2023;92.553,489783
Mujeres;94 años;Esperanza de vida;2023;3,664997
Mujeres;95 años;Tasa de mortalidad;2023;222,366398
Mujeres;95 años;Promedio de años vividos el último año de vida;2023;0,485633
Mujeres;95 años;Riesgo de muerte;2023;199,543078
Mujeres;95 años;Supervivientes;2023;20.694,808126
Mujeres;95 años;Defunciones teóricas;2023;4.129,505708
Mujeres;95 años;Población estacionaria;2023;18.570,727182
Mujeres;95 años;Tiempo por vivir;2023;69.637,741411
Mujeres;95 años;Esperanza de vida;2023;3,364986
Mujeres;96 años;Tasa de mortalidad;2023;250,371547
Mujeres;96 años;Promedio de años vividos el último año de vida;2023;0,482399
Mujeres;96 años;Riesgo de muerte;2023;221,647634
Mujeres;96 años;Supervivientes;2023;16.565,302418
Mujeres;96 años;Defunciones teóricas;2023;3.671,660094
Mujeres;96 años;Población estacionaria;2023;14.664,845683
Mujeres;96 años;Tiempo por vivir;2023;51.067,014228
Mujeres;96 años;Esperanza de vida;2023;3,082770
Mujeres;97 años;Tasa de mortalidad;2023;270,451425
Mujeres;97 años;Promedio de años vividos el último año de vida;2023;0,480301
Mujeres;97 años;Riesgo de muerte;2023;237,122990
Mujeres;97 años;Supervivientes;2023;12.893,642324
Mujeres;97 años;Defunciones teóricas;2023;3.057,379026
Mujeres;97 años;Población estacionaria;2023;11.304,725134
Mujeres;97 años;Tiempo por vivir;2023;36.402,168545
Mujeres;97 años;Esperanza de vida;2023;2,823265
Mujeres;98 años;Tasa de mortalidad;2023;299,561088
Mujeres;98 años;Promedio de años vividos el último año de vida;2023;0,476037
Mujeres;98 años;Riesgo de muerte;2023;258,921125
Mujeres;98 años;Supervivientes;2023;9.836,263299
Mujeres;98 años;Defunciones teóricas;2023;2.546,816355
Mujeres;98 años;Población estacionaria;2023;8.501,826371
Mujeres;98 años;Tiempo por vivir;2023;25.097,443411
Mujeres;98 años;Esperanza de vida;2023;2,551522
Mujeres;99 años;Tasa de mortalidad;2023;325,496326
Mujeres;99 años;Promedio de años vividos el último año de vida;2023;0,470694
Mujeres;99 años;Riesgo de muerte;2023;277,659183
Mujeres;99 años;Supervivientes;2023;7.289,446944
Mujeres;99 años;Defunciones teóricas;2023;2.023,981885
Mujeres;99 años;Población estacionaria;2023;6.218,140500
Mujeres;99 años;Tiempo por vivir;2023;16.595,617041
Mujeres;99 años;Esperanza de vida;2023;2,276663
Mujeres;100 y más años;Tasa de mortalidad;2023;432,060170
Mujeres;100 y más años;Promedio de años vividos el último año de vida;2023;1,970857
Mujeres;100 y más años;Riesgo de muerte;2023;1.000,000000
Mujeres;100 y más años;Supervivientes;2023;5.265,465059
Mujeres;100 y más años;Defunciones teóricas;2023;5.265,465059
Mujeres;100 y más años;Población estacionaria;2023;10.377,476541
Mujeres;100 y más años;Tiempo por vivir;2023;10.377,476541
Mujeres;100 y más años;Esperanza de vida;2023;1,970857
